title,date,url,scandal_of_company,company_name,related_company_name
損保ジャパン「不祥事忘れない」 社員向けに資料展示室,2024-11-07 15:05:18,https://www.nikkei.com/article/DGXZQOUB070900X01C24A1000000/,Y,損保ジャパン,-
一大イベントの直前に不祥事発覚 カナデビア社長「極めて残念」,2024-11-08 15:02:29,https://www.asahi.com/articles/ASSC81SZQSC8ULFA027M.html,Y,カナデビア,-
不祥事相次ぐ鹿児島県警 警察庁の見解は? 書面で回答された本部長の転出経緯と、「隠蔽の疑惑なし」との結論根拠,2024-11-09 07:00:00,https://373news.com/_news/storyid/204175/,N,鹿児島県警,-
また土木部...25歳福島県職員が逮捕 盗撮か 入札巡る県職員3人の起訴に続き 再発防止の徹底虚しく：ニュース,2024-11-06 19:20:00,https://www.fukushima-tv.co.jp/localnews/2024/11/2024110600000011.html,N,福島県,-
ＩＣＣ主任検察官の不祥事調査,2024-11-12 06:36:26,https://webun.jp/articles/-/706439,N,ICC主任検察官,-
鹿児島県警不祥事の指示巡り長官訓戒 野川前本部長 自動車安全運転センターへ異動,2024-11-07 18:45:00,https://www.fnn.jp/articles/-/783829,N,鹿児島県警,-
損保ジャパン、本社に不祥事の「伝承室」を設置 毎年11月を振り返りの月間に｜自動車流通・新車ディーラー｜紙面記事,2024-11-13 05:00:00,https://www.netdenjd.com/articles/-/309451,Y,損保ジャパン,-
ＩＣＣ主任検察官の不祥事調査 女性職員にセクハラ疑惑,2024-11-12 06:36:26,https://www.niigata-nippo.co.jp/articles/-/507999,N,ICC主任検察官,-
わいせつ行為で複数女性が被害 高知県職員に停職１年の重い懲戒処分 不同意の身体接触など,2024-11-09 08:35:00,https://www.kochinews.co.jp/article/detail/802501,N,高知県職員,-
金融庁が野村に再発防止要求、元社員逮捕｢重く受け止め｣－関係者,2024-11-08 09:50:00,https://www.bloomberg.co.jp/news/articles/2024-11-08/SMKHROT0G1KW00,Y,野村,野村ホールディングス
不祥事続発で「越境」研修 損保Ｊ、上意下達を是正,2024-11-12 04:00:00,https://www.sanin-chuo.co.jp/articles/-/678386,Y,損保J,-
ICC主任検察官の不祥事調査 女性職員にセクハラ疑惑 ｜ 共同通信,2024-11-12 06:36:00,https://nordot.app/1228821285608849628,N,ICC主任検察官,-
給付金詐欺総額2億円に大麻所持… 国税さん、最近若手の不祥事がちょっと多くないですか？,2024-11-08 06:09:03,https://gendai.media/articles/-/140582,N,国税,-
ICC主任検察官の不祥事調査 女性職員にセクハラ疑惑,2024-11-12 06:36:44,https://www.nippon.com/ja/news/kd1228821285608849628/,N,ICC主任検察官,-
ＩＣＣ主任検察官の不祥事調査 女性職員にセクハラ疑惑,2024-11-12 06:36:26,https://www.nnn.co.jp/articles/-/422273,N,ICC主任検察官,-
【 画像2/2枚 】一大イベントの直前に不祥事発覚 カナデビア社長「極めて残念」,2024-11-08 15:02:29,https://www.asahi.com/amp/articles/photo/AS20241108001870.html,Y,カナデビア,-
ジョッキでビール7杯「当時の記憶ない」…酒席でセクハラ 49歳男性教諭を減給処分 本年度懲戒18件目、県教委は不祥事防止強化へ体験型研修実施へ,2024-11-07 21:01:00,https://373news.com/_news/storyid/204116/,N,男性教諭,-
総代会で不祥事を謝罪 県民信組,2024-11-08 19:45:00,https://www.sannichi.co.jp/article/2024/11/08/80586760?g\u003dca_l_national,N,県民信組,-
ＩＣＣ主任検察官の不祥事調査 - 女性職員にセクハラ疑惑,2024-11-12 07:33:12,https://www.nara-np.co.jp/global/2024111201000170.html,N,ICC主任検察官,-
7月不祥事「猛省しゴルフに向き合っていきたい」3季連続シードの31歳の出場停止明ける、14日開幕ダンロップフェニックス出場へ,2024-11-12 07:06:28,https://nishispo.nishinippon.co.jp/article/872836?rct\u003dothers,N,-,-
ＩＣＣ主任検察官の不祥事調査 女性職員にセクハラ疑惑,2024-11-12 06:36:27,https://www.chunichi.co.jp/article/985077?rct\u003dworld,N,ICC主任検察官,-
最新のビデオ,2024-11-11 14:31:36,https://www.reuters.com/video/watch/idOWjpvC8JLNCUI5Z1XH7668DG9SKS37C/,N,-,-
『マイダイアリー』「大事なお知らせ」に反響 吉川愛ミニスカ推し活姿→急転「不祥事とか？」「ダメージでかいわ」,2024-11-13 14:19:59,https://www1.yamagata-np.jp/oricon/print.php?id\u003d2353970,N,吉川愛,-
無許可の副業で約2億円。20代職員が風俗店勤務…国税さん、最近ちょっと不祥事が多くないですか？,2024-11-08 07:21:15,https://gendai.media/articles/-/140580?page\u003d2,N,国税,-
ICC主任検察官の不祥事調査 女性職員にセクハラ疑惑,2024-11-12 06:36:00,https://www.nishinippon.co.jp/item/o/1280845/,N,ICC主任検察官,-
10～30代男女が「もうテレビで見たくない不祥事芸能人」、不同意性交容疑のジャンポケ斉藤を抑えたのは【トップ3】｜ニュース,2024-11-12 11:00:00,https://pinzuba.news/articles/-/8804,N,ジャンポケ斉藤,-
一大イベントの直前に不祥事発覚 カナデビア社長「極めて残念」 \u003d 社会 - 写真,2024-11-08 15:02:00,https://news.goo.ne.jp/picture/nation/ASSC81SZQSC8ULFA027M.html,Y,カナデビア,-
【11月13日付社説】公務員の不祥事/県民に尽くす立場忘れるな,2024-11-13 08:15:00,https://www.47news.jp/11760219.html,N,-,-
10～30代男女が「もうテレビで見たくない不祥事芸能人」、訴訟取り下げが話題のダウンタウン松本人志もランクイン【第4位以下】,2024-11-13 11:00:00,https://pinzuba.news/articles/-/8805,N,ダウンタウン松本人志,-
不祥事相次ぐ鹿児島県警 警察庁の見解は? 書面で回答された本部長の転出経緯と、「隠蔽の疑惑なし」との結論根拠,2024-11-09 07:00:00,https://www.47news.jp/11742383.html,N,鹿児島県警,-
トレーラーなどの「架装物」でカルテルの疑い、公取委が大手メーカーに立ち入り検査,2024-11-12 13:22:22,https://online.logi-biz.com/113317/,Y,-,-
アトレチコ鈴鹿でのカズの役割とは。“不祥事クラブ”からの脱却へ（2024年11月13日）｜BIGLOBEニュース,2024-11-13 16:00:00,https://news.biglobe.ne.jp/sports/1113/fbt_241113_0797996977.html,Y,アトレチコ鈴鹿,-
ICC主任検察官の不祥事調査 女性職員にセクハラ疑惑（2024年11月12日）｜BIGLOBEニュース,2024-11-12 06:36:44,https://news.biglobe.ne.jp/international/1112/kyo_241112_0137152967.html,N,ICC主任検察官,-
ICC主任検察官の不祥事調査,2024-11-12 06:36:00,https://article.auone.jp/detail/1/4/8/229_8_r_20241112_1731361042157930,N,ICC主任検察官,-
10～30代男女が「もうテレビで見たくない不祥事芸能人」、訴訟取り下げが話題のダウンタウン松本人志もランクイン【4～10位】,2024-11-13 11:34:44,https://www.msn.com/ja-jp/news/entertainment/10-30%E4%BB%A3%E7%94%B7%E5%A5%B3%E3%81%8C-%E3%82%82%E3%81%86%E3%83%86%E3%83%AC%E3%83%93%E3%81%A7%E8%A6%8B%E3%81%9F%E3%81%8F%E3%81%AA%E3%81%84%E4%B8%8D%E7%A5%A5%E4%BA%8B%E8%8A%B8%E8%83%BD%E4%BA%BA-%E8%A8%B4%E8%A8%9F%E5%8F%96%E3%82%8A%E4%B8%8B%E3%81%92%E3%81%8C%E8%A9%B1%E9%A1%8C%E3%81%AE%E3%83%80%E3%82%A6%E3%83%B3%E3%82%BF%E3%82%A6%E3%83%B3%E6%9D%BE%E6%9C%AC%E4%BA%BA%E5%BF%97%E3%82%82%E3%83%A9%E3%83%B3%E3%82%AF%E3%82%A4%E3%83%B3-4-10%E4%BD%8D/ar-AA1tYMG9,N,ダウンタウン松本人志,-
上重聡アナ、フリー直後の苦悩語る 15年に報じられた不祥事は「若気の至りが」,2024-11-10 16:07:09,https://news.nifty.com/topics/spa/241110798464/,N,上重聡アナ,-
【不祥事受け福島県会見】県職員「スカートの中を盗撮しようとした疑い」逮捕 不祥事根絶緊急会議の翌日に (2024年11月6日),2024-11-06 17:28:31,https://www.excite.co.jp/news/article/fukushima_tv_1226800986781139215/,N,福島県職員,-
10～30代男女が「もうテレビで見たくない不祥事芸能人」、不同意性交容疑のジャンポケ斉藤を抑えたのは【トップ3】,2024-11-12 11:00:00,https://pinzuba.news/articles/-/8804?page\u003d3,N,ジャンポケ斉藤,-
『マイダイアリー』「大事なお知らせ」に反響 吉川愛ミニスカ推し活姿→急転「不祥事とか?」「ダメージでかいわ」,2024-11-13 13:07:00,https://www.oricon.co.jp/news/2353970/full/,N,吉川愛,-
10～30代男女が「もうテレビで見たくない不祥事芸能人」、訴訟取り下げが話題のダウンタウン松本人志もランクイン【第4位以下】,2024-11-13 11:00:00,https://pinzuba.news/articles/-/8805?page\u003d3,N,松本人志,-
【11月13日付社説】公務員の不祥事/ 県民に尽くす立場忘れるな,2024-11-13 09:47:04,https://www.msn.com/ja-jp/news/national/11%E6%9C%8813%E6%97%A5%E4%BB%98%E7%A4%BE%E8%AA%AC-%E5%85%AC%E5%8B%99%E5%93%A1%E3%81%AE%E4%B8%8D%E7%A5%A5%E4%BA%8B-%E7%9C%8C%E6%B0%91%E3%81%AB%E5%B0%BD%E3%81%8F%E3%81%99%E7%AB%8B%E5%A0%B4%E5%BF%98%E3%82%8C%E3%82%8B%E3%81%AA/ar-AA1tYoV7,N,-,-
鹿児島県警不祥事の指示巡り長官訓戒 野川前本部長 自動車安全運転センターへ異動,2024-11-07 18:33:45,http://www.msn.com/ja-jp/news/national/%E9%B9%BF%E5%85%90%E5%B3%B6%E7%9C%8C%E8%AD%A6%E4%B8%8D%E7%A5%A5%E4%BA%8B%E3%81%AE%E6%8C%87%E7%A4%BA%E5%B7%A1%E3%82%8A%E9%95%B7%E5%AE%98%E8%A8%93%E6%88%92-%E9%87%8E%E5%B7%9D%E5%89%8D%E6%9C%AC%E9%83%A8%E9%95%B7-%E8%87%AA%E5%8B%95%E8%BB%8A%E5%AE%89%E5%85%A8%E9%81%8B%E8%BB%A2%E3%82%BB%E3%83%B3%E3%82%BF%E3%83%BC%E3%81%B8%E7%95%B0%E5%8B%95/ar-AA1tFB5d?apiversion\u003dv2\u0026noservercache\u003d1\u0026domshim\u003d1\u0026renderwebcomponents\u003d1\u0026wcseo\u003d1\u0026batchservertelemetry\u003d1\u0026noservertelemetry\u003d1,N,鹿児島県警,-
写真ニュース(1/1): あの“不祥事”芸人をもっとドラマで使うべき 「すごく良くて」名優・生瀬勝久が力説するワケ,2024-11-13 07:32:00,https://news.biglobe.ne.jp/entertainment/1113/2154153145/spn_spn_20241113s10041000053000p_view_jpg.html,N,生瀬勝久,-
「THE BOYZ」エリック、思わぬ不祥事…直筆の手紙と一緒に投稿した“とんでもない製品”とは？,2024-11-11 17:47:06,https://www.msn.com/ja-jp/news/entertainment/%E3%83%9A%E3%83%9A%E3%83%AD%E3%81%A0%E3%81%A8%E6%80%9D%E3%81%A3%E3%81%A6-the-boyz-%E3%82%A8%E3%83%AA%E3%83%83%E3%82%AF-%E3%83%95%E3%82%A1%E3%83%B3%E3%81%AB%E7%9B%B4%E7%AD%86%E3%81%AE%E6%89%8B%E7%B4%99%E3%81%A8%E4%B8%80%E7%B7%92%E3%81%AB%E3%81%A8%E3%82%93%E3%81%A7%E3%82%82%E3%81%AA%E3%81%84-%E8%A3%BD%E5%93%81-%E3%82%92%E9%80%81%E3%82%8B-%E3%81%84%E3%81%A3%E3%81%9F%E3%81%84%E3%81%A9%E3%81%86%E3%81%97%E3%81%9F%E3%81%AE/ar-AA1tRqpi,N,THE BOYZ,-
ＩＣＣカーン主任検察官に性的不祥事疑惑、外部調査を開始へ（字幕・10日）,2024-11-11 23:56:33,https://www.msn.com/ja-jp/news/world/%EF%BD%89%EF%BD%83%EF%BD%83%E3%82%AB%E3%83%BC%E3%83%B3%E4%B8%BB%E4%BB%BB%E6%A4%9C%E5%AF%9F%E5%AE%98%E3%81%AB%E6%80%A7%E7%9A%84%E4%B8%8D%E7%A5%A5%E4%BA%8B%E7%96%91%E6%83%91-%E5%A4%96%E9%83%A8%E8%AA%BF%E6%9F%BB%E3%82%92%E9%96%8B%E5%A7%8B%E3%81%B8-%E5%AD%97%E5%B9%95-10%E6%97%A5/vi-AA1tQUOX,N,ICCカーン主任検察官,-
写真ニュース(1/1): ICC主任検察官の不祥事調査 女性職員にセクハラ疑惑,2024-11-12 06:36:00,https://news.biglobe.ne.jp/international/1112/0137152967/kyo_kyo_origin_1_1_jpg.html,N,ICC主任検察官,-
「歴代不祥事の中でも伝説級」神奈川県警 現役警官の“驚愕悪事”にネット呆然「マジでどうなってんの」,2024-11-07 04:09:39,http://www.msn.com/ja-jp/news/national/%E6%AD%B4%E4%BB%A3%E4%B8%8D%E7%A5%A5%E4%BA%8B%E3%81%AE%E4%B8%AD%E3%81%A7%E3%82%82%E4%BC%9D%E8%AA%AC%E7%B4%9A-%E7%A5%9E%E5%A5%88%E5%B7%9D%E7%9C%8C%E8%AD%A6-%E7%8F%BE%E5%BD%B9%E8%AD%A6%E5%AE%98%E3%81%AE-%E9%A9%9A%E6%84%95%E6%82%AA%E4%BA%8B-%E3%81%AB%E3%83%8D%E3%83%83%E3%83%88%E5%91%86%E7%84%B6-%E3%83%9E%E3%82%B8%E3%81%A7%E3%81%A9%E3%81%86%E3%81%AA%E3%81%A3%E3%81%A6%E3%82%93%E3%81%AE/ar-AA1tzNeV?apiversion\u003dv2\u0026noservercache\u003d1\u0026domshim\u003d1\u0026renderwebcomponents\u003d1\u0026wcseo\u003d1\u0026batchservertelemetry\u003d1\u0026noservertelemetry\u003d1,N,神奈川県警,-
ジョッキでビール7杯「当時の記憶ない」…酒席でセクハラ 49歳男性教諭を減給処分 本年度懲戒18件目、県教委は不祥事防止強化へ体験型研修実施へ,2024-11-07 21:01:00,https://news.goo.ne.jp/picture/region/minaminippon-20241107175326.html,N,男性教諭,-
あの“不祥事”芸人をもっとドラマで使うべき 「すごく良くて」名優・ 生瀬勝久が力説するワケ,2024-11-13 08:46:51,https://www.msn.com/ja-jp/news/entertainment/%E3%81%82%E3%81%AE-%E4%B8%8D%E7%A5%A5%E4%BA%8B-%E8%8A%B8%E4%BA%BA%E3%82%92%E3%82%82%E3%81%A3%E3%81%A8%E3%83%89%E3%83%A9%E3%83%9E%E3%81%A7%E4%BD%BF%E3%81%86%E3%81%B9%E3%81%8D-%E3%81%99%E3%81%94%E3%81%8F%E8%89%AF%E3%81%8F%E3%81%A6-%E5%90%8D%E5%84%AA-%E7%94%9F%E7%80%AC%E5%8B%9D%E4%B9%85%E3%81%8C%E5%8A%9B%E8%AA%AC%E3%81%99%E3%82%8B%E3%83%AF%E3%82%B1/ar-AA1tY0of,N,生瀬勝久,-
ICC主任検察官の不祥事調査 女性職員にセクハラ疑惑,2024-11-12 07:07:39,https://www.msn.com/ja-jp/news/world/icc%E4%B8%BB%E4%BB%BB%E6%A4%9C%E5%AF%9F%E5%AE%98%E3%81%AE%E4%B8%8D%E7%A5%A5%E4%BA%8B%E8%AA%BF%E6%9F%BB-%E5%A5%B3%E6%80%A7%E8%81%B7%E5%93%A1%E3%81%AB%E3%82%BB%E3%82%AF%E3%83%8F%E3%83%A9%E7%96%91%E6%83%91/ar-AA1tTO27,N,ICC主任検察官,-
不祥事に揺れる県警 新本部長が着任 「やれることは何でも」,2024-11-07 03:39:47,https://www.msn.com/ja-jp/news/national/%E4%B8%8D%E7%A5%A5%E4%BA%8B%E3%81%AB%E6%8F%BA%E3%82%8C%E3%82%8B%E7%9C%8C%E8%AD%A6-%E6%96%B0%E6%9C%AC%E9%83%A8%E9%95%B7%E3%81%8C%E7%9D%80%E4%BB%BB-%E3%82%84%E3%82%8C%E3%82%8B%E3%81%93%E3%81%A8%E3%81%AF%E4%BD%95%E3%81%A7%E3%82%82/ar-AA1tzKPW,N,県警,-
写真ニュース(1/1): アトレチコ鈴鹿でのカズの役割とは。“不祥事クラブ”からの脱却へ,2024-11-13 16:00:00,https://news.biglobe.ne.jp/sports/1113/0797996977/fbt_fbt_20241113160115_1_jpg.html,Y,アトレチコ鈴鹿,-
盛山晋太郎、危険なニオイする人物が持つ“アイテム”発見 不祥事起こした先輩も所有…「十分なソース」,2024-11-07 00:26:31,https://www.msn.com/ja-jp/news/entertainment/%E7%9B%9B%E5%B1%B1%E6%99%8B%E5%A4%AA%E9%83%8E-%E5%8D%B1%E9%99%BA%E3%81%AA%E3%83%8B%E3%82%AA%E3%82%A4%E3%81%99%E3%82%8B%E4%BA%BA%E7%89%A9%E3%81%8C%E6%8C%81%E3%81%A4-%E3%82%A2%E3%82%A4%E3%83%86%E3%83%A0-%E7%99%BA%E8%A6%8B-%E4%B8%8D%E7%A5%A5%E4%BA%8B%E8%B5%B7%E3%81%93%E3%81%97%E3%81%9F%E5%85%88%E8%BC%A9%E3%82%82%E6%89%80%E6%9C%89-%E5%8D%81%E5%88%86%E3%81%AA%E3%82%BD%E3%83%BC%E3%82%B9/ar-AA1twttP,N,盛山晋太郎,-
一大イベントの直前に不祥事発覚 カナデビア社長「極めて残念」,2024-11-08 15:27:42,https://www.msn.com/ja-jp/money/business/%E4%B8%80%E5%A4%A7%E3%82%A4%E3%83%99%E3%83%B3%E3%83%88%E3%81%AE%E7%9B%B4%E5%89%8D%E3%81%AB%E4%B8%8D%E7%A5%A5%E4%BA%8B%E7%99%BA%E8%A6%9A-%E3%82%AB%E3%83%8A%E3%83%87%E3%83%93%E3%82%A2%E7%A4%BE%E9%95%B7-%E6%A5%B5%E3%82%81%E3%81%A6%E6%AE%8B%E5%BF%B5/ar-AA1tIwX3,Y,カナデビア,-
無許可の副業で約2億円。20代職員が風俗店勤務…国税さん、最近ちょっと不祥事が多くないですか？,2024-11-08 07:18:05,https://www.msn.com/ja-jp/news/national/%E7%84%A1%E8%A8%B1%E5%8F%AF%E3%81%AE%E5%89%AF%E6%A5%AD%E3%81%A7%E7%B4%842%E5%84%84%E5%86%86-20%E4%BB%A3%E8%81%B7%E5%93%A1%E3%81%8C%E9%A2%A8%E4%BF%97%E5%BA%97%E5%8B%A4%E5%8B%99-%E5%9B%BD%E7%A8%8E%E3%81%95%E3%82%93-%E6%9C%80%E8%BF%91%E3%81%A1%E3%82%87%E3%81%A3%E3%81%A8%E4%B8%8D%E7%A5%A5%E4%BA%8B%E3%81%8C%E5%A4%9A%E3%81%8F%E3%81%AA%E3%81%84%E3%81%A7%E3%81%99%E3%81%8B/ar-AA1tHvxu,N,国税,-
不祥事根絶へ 入札巡る不祥事受け福島県が再発防止策を土木部幹部に要請 法令順守の徹底を図る,2024-11-07 01:25:44,http://www.msn.com/ja-jp/news/national/%E4%B8%8D%E7%A5%A5%E4%BA%8B%E6%A0%B9%E7%B5%B6%E3%81%B8-%E5%85%A5%E6%9C%AD%E5%B7%A1%E3%82%8B%E4%B8%8D%E7%A5%A5%E4%BA%8B%E5%8F%97%E3%81%91%E7%A6%8F%E5%B3%B6%E7%9C%8C%E3%81%8C%E5%86%8D%E7%99%BA%E9%98%B2%E6%AD%A2%E7%AD%96%E3%82%92%E5%9C%9F%E6%9C%A8%E9%83%A8%E5%B9%B9%E9%83%A8%E3%81%AB%E8%A6%81%E8%AB%8B-%E6%B3%95%E4%BB%A4%E9%A0%86%E5%AE%88%E3%81%AE%E5%BE%B9%E5%BA%95%E3%82%92%E5%9B%B3%E3%82%8B/ar-AA1tzYdE?apiversion\u003dv2\u0026noservercache\u003d1\u0026domshim\u003d1\u0026renderwebcomponents\u003d1\u0026wcseo\u003d1\u0026batchservertelemetry\u003d1\u0026noservertelemetry\u003d1,N,福島県,-
【不祥事受け福島県会見】県職員「スカートの中を盗撮しようとした疑い」逮捕 不祥事根絶緊急会議の翌日に,2024-11-06 17:56:18,https://www.msn.com/ja-jp/news/national/%E4%B8%8D%E7%A5%A5%E4%BA%8B%E5%8F%97%E3%81%91%E7%A6%8F%E5%B3%B6%E7%9C%8C%E4%BC%9A%E8%A6%8B-%E7%9C%8C%E8%81%B7%E5%93%A1-%E3%82%B9%E3%82%AB%E3%83%BC%E3%83%88%E3%81%AE%E4%B8%AD%E3%82%92%E7%9B%97%E6%92%AE%E3%81%97%E3%82%88%E3%81%86%E3%81%A8%E3%81%97%E3%81%9F%E7%96%91%E3%81%84-%E9%80%AE%E6%8D%95-%E4%B8%8D%E7%A5%A5%E4%BA%8B%E6%A0%B9%E7%B5%B6%E7%B7%8A%E6%80%A5%E4%BC%9A%E8%AD%B0%E3%81%AE%E7%BF%8C%E6%97%A5%E3%81%AB/ar-AA1tAJ9t,N,福島県職員,-
「情けない」「茶化す気にもならん」神奈川県警巡査長「700万円だまし取り」で逮捕! 特殊詐欺対策強化中の不祥事にあきれる声続出,2024-11-06 20:57:27,http://www.msn.com/ja-jp/news/national/%E6%83%85%E3%81%91%E3%81%AA%E3%81%84-%E8%8C%B6%E5%8C%96%E3%81%99%E6%B0%97%E3%81%AB%E3%82%82%E3%81%AA%E3%82%89%E3%82%93-%E7%A5%9E%E5%A5%88%E5%B7%9D%E7%9C%8C%E8%AD%A6%E5%B7%A1%E6%9F%BB%E9%95%B7-700%E4%B8%87%E5%86%86%E3%81%A0%E3%81%BE%E3%81%97%E5%8F%96%E3%82%8A-%E3%81%A7%E9%80%AE%E6%8D%95-%E7%89%B9%E6%AE%8A%E8%A9%90%E6%AC%BA%E5%AF%BE%E7%AD%96%E5%BC%B7%E5%8C%96%E4%B8%AD%E3%81%AE%E4%B8%8D%E7%A5%A5%E4%BA%8B%E3%81%AB%E3%81%82%E3%81%8D%E3%82%8C%E3%82%8B%E5%A3%B0%E7%B6%9A%E5%87%BA/ar-AA1txap0?apiversion\u003dv2\u0026noservercache\u003d1\u0026domshim\u003d1\u0026renderwebcomponents\u003d1\u0026wcseo\u003d1\u0026batchservertelemetry\u003d1\u0026noservertelemetry\u003d1,N,神奈川県警巡査長,-
鹿児島県警の不祥事に幕引き…前本部長は降格か？「自動車安全運転センター」に異動の不自然,2024-11-08 20:52:59,https://news.nifty.com/topics/gendai/241108798098/,N,鹿児島県警,-
鹿児島県警不祥事の指示巡り長官訓戒 野川前本部長 自動車安全運転センターへ異動 (2024年11月7日),2024-11-07 19:08:38,https://www.excite.co.jp/news/article/kts_1227194611334578506/,N,鹿児島県警,-
アトレチコ鈴鹿でのカズの役割とは。“不祥事クラブ”からの脱却へ,2024-11-13 16:00:00,https://football-tribe.com/japan/2024/11/13/317017/2/,Y,アトレチコ鈴鹿,-
ICC主任検察官の不祥事調査 女性職員にセクハラ疑惑 (2024年11月12日),2024-11-12 06:36:00,https://www.excite.co.jp/news/article/Kyodo_1228821285608849628/,N,ICC主任検察官,-
あの“不祥事”芸人をもっとドラマで使うべき 「すごく良くて」名優・生瀬勝久が力説するワケ,2024-11-13 07:30:00,https://news.livedoor.com/article/detail/27545622/,N,生瀬勝久,-
一大イベントの直前に不祥事発覚 カナデビア社長「極めて残念」 (2024年11月8日掲載),2024-11-08 15:02:29,https://news.livedoor.com/topics/detail/27517724/,Y,カナデビア,-
10～30代男女が「もうテレビで見たくない不祥事芸能人」、訴訟取り下げが話題の松本人志もランクイン【4～10位】,2024-11-13 11:12:00,https://www.j-cast.com/tv/todays_topic/entry.html?id\u003d1229252972475203710,N,松本人志,-
あの“不祥事”芸人をもっとドラマで使うべき 「すごく良くて」名優・生瀬勝久が力説するワケ,2024-11-13 07:36:00,https://headtopics.com/jp/123541239882201716488-61798331,N,生瀬勝久,-
ウエルシア薬局 不正アクセス受け4万人近くの個人情報漏えいか | NHK | IT・ネット,2024-11-08 18:31:04,https://www3.nhk.or.jp/news/html/20241108/k10014633111000.html,Y,ウエルシア薬局,ウエルシアホールディングス
「ダンロップスポーツ公式オンラインストア」不正注文検知サービス「O-PLUX」と「3Dセキュア」との併用でクレカ不正利用対策を強化,2024-11-12 08:30:01,https://prtimes.jp/main/html/rd/p/000000156.000009799.html,Y,ダンロップスポーツ公式オンラインストア,住友ゴム工業
サンウェルズ、24年4〜9月決算発表延期 不正疑惑を調査,2024-11-06 18:20:00,https://www.nikkei.com/article/DGXZQOCC068YP0W4A101C2000000/,Y,サンウェルズ,サンウェルズグループ
過激派・革マルを家宅捜索 コロナ給付金などを不正受給疑い 警視庁,2024-11-12 19:00:00,https://www.asahi.com/articles/ASSCD30PXSCDUTIL01LM.html,N,革マル,-
1社単独では見抜けない不正を検知、クレジットカードのナッジが業界横断の顔画像による不正検知サービス「LIQUID Shield」を導入,2024-11-13 13:16:38,https://liquidinc.asia/2024-11-13/,Y,LIQUID Shield,LIQUID
ブックオフ 架空買い取りなど不正確認 社長の報酬30％減額,2024-11-12 18:23:02,https://www3.nhk.or.jp/news/html/20241112/k10014636361000.html,Y,ブックオフ,ブックオフグループ
日本生命、就業不能保険の販売停止へ 不正対策,2024-11-11 21:00:00,https://www.nikkei.com/article/DGXZQOUB113VB0R11C24A1000000/,Y,日本生命,日本生命保険
特殊詐欺捜査課の巡査部長を懲戒免職 高齢者の被害品を不正使用疑い [大阪府],2024-11-07 18:31:40,https://www.asahi.com/articles/ASSC732ZCSC7PTIL003M.html,N,大阪府,-
山形市 不正受給でこども園の学校法人理事長を刑事告訴,2024-11-13 15:42:00,https://www3.nhk.or.jp/lnews/yamagata/20241113/6020022395.html,N,山形市,-
不正体質は治らず隠蔽まで露呈、ツバキ・ナカシマがまた品質偽装,2024-11-13 05:00:00,https://xtech.nikkei.com/atcl/nxt/column/18/00001/09976/,Y,ツバキ・ナカシマ,長野製作所
Akamai Account Protector、詐欺や不正への対策に新機能を追加,2024-11-08 11:00:03,https://prtimes.jp/main/html/rd/p/000000231.000031697.html,Y,Akamai,Akamai Technologies
和泊町 医療法人が県の補助金を不正受給 県が全額返還を命令,2024-11-08 12:19:00,https://www3.nhk.or.jp/lnews/kagoshima/20241108/5050028862.html,N,和泊町,-
鉄道輪軸不正10の疑問、国内事業者の6割に広がったルール違反,2024-11-07 05:00:00,https://xtech.nikkei.com/atcl/nxt/column/18/00001/09926/,Y,-,-
他社の顧客情報 不正取得の疑い ガス会社支店長ら3人逮捕 千葉,2024-11-06 17:18:23,https://www3.nhk.or.jp/news/html/20241106/k10014630311000.html,Y,ガス会社,東京ガス
“通勤手当の不正受給など”岡垣町職員が停職６か月の懲戒処分,2024-11-12 17:36:00,https://www3.nhk.or.jp/lnews/kitakyushu/20241112/5020016840.html,N,岡垣町,-
リフォーム「ビック・ママ」コロナ禍の助成金３億円を不正受給,2024-11-06 18:32:00,https://www3.nhk.or.jp/tohoku-news/20241106/6000029352.html,Y,ビック・ママ,-
詐欺の被害品を不正に使用疑い 巡査部長を懲戒免職 大阪府警,2024-11-07 20:08:00,https://www3.nhk.or.jp/kansai-news/20241107/2000089042.html,N,大阪府警,-
革マル派のアジトを家宅捜索、コロナ給付金不正受給の疑い 活動資金にしていたか,2024-11-12 18:38:42,https://www.tokyo-np.co.jp/article/366433,N,革マル派,-
保険証不正使用、医療費の支払い一部免れる 革労協主流派の女逮捕,2024-11-06 21:49:07,https://www.sankei.com/article/20241106-44YPLYVTQRLU5AOLOO72SZ3GQQ/,N,革労協主流派,-
＜社説＞東証の取引不正 倫理の欠如にあきれる,2024-11-08 07:56:16,https://www.tokyo-np.co.jp/article/365551,Y,東証,東京証券取引所
ブックオフ、社長報酬30%返上 従業員不正で再発防止策,2024-11-12 18:05:56,https://www.nikkei.com/article/DGXZQOUC1272T0S4A111C2000000/,Y,ブックオフ,ブックオフグループ
ICC、主任検察官に対する外部調査実施を発表 性的不正行為の疑惑で,2024-11-12 13:13:39,https://www.bbc.com/japanese/articles/c74l0v4vdzlo,N,ICC,-
ウエルシアで従業員がサポート詐欺被害、不正アクセスで約4万人の個人情報流出か,2024-11-11 20:00:00,https://xtech.nikkei.com/atcl/nxt/news/24/01793/,Y,ウエルシア,ウエルシアホールディングス
ＳＩＭ不正契約事件 携帯販売店従業員に無罪判決 福岡地裁,2024-11-12 22:31:00,https://www3.nhk.or.jp/fukuoka-news/20241112/5010026187.html,N,-,-
巻き返しへ米中が影 認証不正、対策道半ば―トヨタ,2024-11-07 07:15:00,https://www.jiji.com/jc/article?k\u003d2024110601194\u0026g\u003deco,Y,トヨタ,トヨタ自動車
公用車の不正利用で職員減給 通勤や帰省で2100キロ使用 岡山市 [岡山県],2024-11-08 20:50:00,https://www.asahi.com/articles/ASSC834VDSC8PITB00CM.html,N,岡山市,-
紙の保険証廃止、平デジタル相「不正の穴ふさぐべき」,2024-11-12 16:39:20,https://www.nikkei.com/article/DGXZQOUA126F80S4A111C2000000/,N,平デジタル,-
【解説人語】648億円の無駄遣い暴く 不正の「監視役」会計検査院とは,2024-11-08 21:44:16,https://www.asahi.com/articles/ASSC8443ZSC8ULZU003M.html,N,会計検査院,-
ウエルシアに不正アクセス 顧客情報4万人分流出の恐れ,2024-11-08 18:27:20,https://www.nikkei.com/article/DGXZQOUC0877V0Y4A101C2000000/,Y,ウエルシア,ウエルシアホールディングス
"旅行の「クラブツーリズム」、4,000件以上のツアー参加者情報流出のおそれ 不正アクセス被害",2024-11-13 11:11:25,https://act1.co.jp/2024_11_13-2/,Y,クラブツーリズム,KNT-CTホールディングス
特殊詐欺被害品、刑事が不正使用か その後「特殊詐欺捜査課」へ異動 [大阪府],2024-11-07 13:00:00,https://www.asahi.com/articles/ASSC700BBSC7PTIL011M.html,N,大阪府警,-
フードデリバリー配達したと装い報酬を不正に得る…男２人逮捕,2024-11-13 16:51:00,https://kbc.co.jp/news/article.php?id\u003d13998346\u0026ymd\u003d2024-11-13,N,-,-
ＳＩＭ不正契約事件 携帯販売店元従業員に無罪判決 福岡地裁,2024-11-12 22:31:00,https://www3.nhk.or.jp/lnews/fukuoka/20241112/5010026187.html,N,-,-
"「下鴨茶寮オンラインショップ」への不正アクセスで 16,682 名のカード情報漏えいの可能性",2024-11-11 08:05:06,https://scan.netsecurity.ne.jp/article/2024/11/11/51893.html,Y,下鴨茶寮オンラインショップ,-
グループホーム運営「恵」の不正問題、事業所の一括譲渡決定 厚労省,2024-11-08 18:50:00,https://www.asahi.com/articles/ASSC832S7SC8UTFL00HM.html,N,恵,-
特装車荷台製造４社カルテルか 独禁法違反疑いで立ち入り検査,2024-11-12 15:38:00,https://www3.nhk.or.jp/lnews/kobe/20241112/2020026960.html,Y,-,-
東北学院大学が不正アクセス被害、学生の成績情報など７０８５件の個人情報流出,2024-11-10 20:42:00,https://www.yomiuri.co.jp/national/20241108-OYT1T50046/,N,東北学院大学,-
２次元コード決済サービス悪用 人気ゲーム機不正購入か 愛知,2024-11-12 19:27:00,https://www3.nhk.or.jp/tokai-news/20241112/3000038412.html,Y,-,-
「不正ではなく不適切」 コロナ助成金３億６千万円あまり不正受給 ビック・ママ代表が釈明〈宮城〉,2024-11-06 19:05:00,https://www.fnn.jp/articles/-/783229,N,ビック・ママ,-
松竹の元プロデューサーを詐欺の疑いで逮捕 ニセの伝票つくって18万円不正請求、私物の購入費に充てたか,2024-11-06 17:55:05,https://www.tokyo-np.co.jp/article/365173,N,松竹の元プロデューサー,-
障がい者グループホーム不正 コンサル、那覇でも虚偽申請か 実態と異なる人員配置装う 沖縄,2024-11-08 05:00:00,https://ryukyushimpo.jp/news/national/entry-3627088.html,N,-,-
損保ジャパン、毎年１１月を「反省月間」に ビッグモーター不正で,2024-11-08 17:23:00,https://www.jiji.com/jc/article?k\u003d2024110801074\u0026g\u003deco,Y,損保ジャパン,MS&ADインシュアランスグループホールディングス
JICA、不正防止へ第三者機関設置 情報漏洩巡り再検証,2024-11-08 02:30:00,https://www.nikkei.com/article/DGXZQOUA073970X01C24A1000000/,N,JICA,-
ウエルシア薬局に不正アクセス、公式通販サイト会員ら４万人の個人情報流出か,2024-11-08 20:23:00,https://www.yomiuri.co.jp/national/20241108-OYT1T50136/,Y,ウエルシア薬局,ウエルシアホールディングス
ニュース「そば粉「純国産」偽装か？製粉会社会長ら不正競争防止法違反容疑で逮捕」,2024-11-13 10:10:47,https://www.corporate-legal.jp/news/5912,Y,製粉会社会長,-
偽造バーコードを使用 セルフレジで商品を不正に安く入手 岐阜市の男を再逮捕 | 東海地方のニュース【CBC news】 | CBC web,2024-11-13 08:50:00,https://newsdig.tbs.co.jp/articles/cbc/1549734,N,岐阜市の男,-
カナデビア社長、船舶エンジン不正を陳謝 開発に遅れも,2024-11-08 16:20:24,https://www.nikkei.com/article/DGXZQOUF15A2U0V11C24A0000000/,Y,カナデビア,-
新幹線チケット１２７万円分を不正購入か 男女を逮捕 広島,2024-11-07 18:50:00,https://www.home-tv.co.jp/news/content/?news_id\u003d20241107279236,N,-,-
「ｄ払い」不正決済で３００万円詐取 容疑でベトナム人の男再逮捕―警視庁,2024-11-07 15:09:00,https://www.jiji.com/jc/article?k\u003d2024110700843\u0026g\u003dsoc,N,ベトナム人の男,-
ブックオフ内部不正、社長報酬30％返上 再発防止策にPOSシステムの改修や防犯カメラの増設も（1/2 ページ）,2024-11-12 20:12:00,https://www.itmedia.co.jp/news/articles/2411/12/news195.html,Y,ブックオフ,-
保険証不正使用容疑で逮捕の革労協活動家の女 24年前の内ゲバ殺傷事件の被害者だった,2024-11-07 10:50:06,https://www.sankei.com/article/20241107-VKPSNEQD25E6PM5G6J4CYP4APY/,N,革労協活動家の女,-
17歳の中国人数学天才少女 不正行為で成績取り消し,2024-11-10 12:00:00,https://www.jiji.com/jc/article?k\u003d3547799\u0026g\u003dcgtn,N,17歳の中国人数学天才少女,-
競合他社の顧客データを不正に持ち出したか ガス会社社員ら3人逮捕,2024-11-06 21:43:00,https://news.ntv.co.jp/category/society/39364f022986420ba16749476fd74414,Y,ガス会社,-
旧BM、一部の顧客にQUOカード500円分送付 被害対応案が判明,2024-11-09 06:00:00,https://www.asahi.com/articles/ASSC81J26SC8ULFA01JM.html,Y,旧BM,-
トヨタ 中間決算 売り上げ過去最高も 営業利益・最終利益は減,2024-11-06 17:04:46,https://www3.nhk.or.jp/news/html/20241106/k10014630421000.html,Y,トヨタ,トヨタ自動車
公用車不正使用で岡山市職員を減給処分 請求書不適切処理で裁判所勤務の事務官を戒告処分,2024-11-08 18:49:00,https://news.ntv.co.jp/category/society/rnbf6e34ee6d7f426fa0983f2b13343be4,N,岡山市職員,-
韓国大統領、疑惑巡り陳謝 不正否定、巻き返し図る｜国際｜全国のニュース,2024-11-08 05:00:00,https://www.hokkoku.co.jp/articles/-/1570336,N,韓国大統領,-
「the b 水道橋」の予約・販売管理システムに不正アクセス、宿泊者の個人情報が流出した可能性,2024-11-13 08:05:09,https://scan.netsecurity.ne.jp/article/2024/11/13/51908.html,Y,the b 水道橋,-
トヨタ、認証不正をばねに成長力底上げ 中間期苦戦も構造改革投資1300億円上積み,2024-11-06 20:00:37,https://www.sankei.com/article/20241106-ZRSTMOEOCJP7RG4NYOL4CEDKMA/,Y,トヨタ,トヨタ自動車
【懲戒処分】通勤手当を不正受給 借金の緊急連絡先として職員の情報を漏えい 役場に督促電話やFAXが相次ぎ発覚 福岡,2024-11-12 19:12:00,https://news.ntv.co.jp/n/fbs/category/society/fs24840e832f884590a872aeb775569a17,N,-,-
売上を伸ばしながらクレカ不正利用と悪質転売にも対応 PHOEBE BEAUTY UPが導入した「O-PLUX」とは,2024-11-08 05:01:10,https://ecnomikata.com/original_news/44965/,Y,PHOEBE BEAUTY UP,-
再び増える企業不正、内部通報の機能不全を解消するには,2024-11-12 06:00:18,https://www.nikkei.com/live/event/EVT241028003,Y,-,-
出資法違反事件 840万円を不正に集めた罪 会社役員の男に懲役1年求刑 山梨,2024-11-11 17:17:01,https://news.ntv.co.jp/n/ybs/category/society/ys67448d820b3c404f9fc6203268da0e30,Y,会社役員,-
スマホ100台で電子タバコ300万円分を不正購入か ベトナム国籍の男逮捕 警視庁,2024-11-07 22:12:43,https://www.khb-tv.co.jp/news/15499458,N,ベトナム国籍の男,-
過激派・革マル派アジトに家宅捜索 新型コロナ給付金など不正受給の疑い 警視庁公安部,2024-11-12 14:41:00,https://news.ntv.co.jp/category/society/55c32337486f4c49b82b1e2a02428c50,N,過激派・革マル派,-
ツバキ・ナカシマ、品質検査不正＝ボールねじで数値改ざん,2024-11-11 18:15:11,https://www.risktaisaku.com/articles/-/97143,Y,ツバキ・ナカシマ,-
【速報】大阪府警の42歳巡査部長を懲戒免職 特殊詐欺被害品の電子マネー80万円分を不正チャージか,2024-11-07 14:35:01,https://news.ntv.co.jp/n/ytv/category/society/ytb8623d079b154beba83d96899917b600,N,大阪府警の42歳巡査部長,-
d払い不正使用で電子たばこを詐取、容疑でベトナム人の男を再逮捕 被害総額6千万円か,2024-11-07 13:11:12,https://www.sankei.com/article/20241107-ZIGEGWUO6JOI7DFWMHQIC3YZQ4/,N,ベトナム人の男,-
エンジン不正を謝罪＝旧日立造船社長、発覚後初,2024-11-08 15:31:00,https://sp.m.jiji.com/article/show/3380393,Y,旧日立造船,日立造船株式会社
ブックオフ、社長報酬30%返上 架空取引など不正で,2024-11-13 04:45:15,https://www.nikkei.com/nkd/company/article/?DisplayType\u003d1\u0026ng\u003dDGKKZO84748730S4A111C2TB1000\u0026scode\u003d9278\u0026ba\u003d1,Y,ブックオフ,-
トヨタ、純利益２６．４％減 ２４年９月中間、認証不正響く―通期販売台数を下方修正,2024-11-06 18:43:00,https://www.jiji.com/jc/article?k\u003d2024110600728\u0026g\u003deco,Y,トヨタ,トヨタ自動車
顧客情報3万9805人分漏洩か ウエルシア薬局、不正アクセスで,2024-11-11 11:33:00,https://mf.jiho.jp/article/255380,Y,ウエルシア薬局,ウエルシアホールディングス
PayPay、決済上限が1回50万→100万円に--不正利用されたら？ 補償をおさらい,2024-11-13 11:28:00,https://japan.cnet.com/article/35226056/,Y,PayPay,-
ウエルシア薬局に不正アクセス＝４万人の情報漏えいか,2024-11-08 16:49:00,https://sp.m.jiji.com/article/show/3380468,Y,ウエルシア薬局,ウエルシアホールディングス
学術書の出版社、5万338名の個人情報流出の被害 クレジットカードすでに悪用も【東西哲学書院】,2024-11-11 10:12:21,https://act1.co.jp/2024_11_11-1/,Y,東西哲学書院,-
米ツアーで珍事 ボール捜索を怠り失格処分に「重大な不正行為」,2024-11-10 19:39:00,https://www.alba.co.jp/articles/category/tour/pga/post/bbjh8w38r/,N,-,-
過激派・革マル派のアジトを詐欺容疑で捜索、新型コロナ給付金不正受給の疑い…活動資金の可能性,2024-11-12 11:36:00,https://www.yomiuri.co.jp/national/20241112-OYT1T50076/,N,過激派・革マル派,-
中国籍の女「児童扶養手当」約65万円の不正受給容疑で逮捕 子どもは「国外居住」で資格外 熊本市,2024-11-06 18:37:00,https://newsdig.tbs.co.jp/articles/rkk/1536694,N,中国籍の女,-
野村HD 傘下の野村証券で不祥事相次ぎ「非常に遺憾」,2024-11-01 16:00:00,https://www3.nhk.or.jp/news/html/20241101/k10014626431000.html,Y,野村HD,野村ホールディングス
競艇「全レース停止」の可能性、日本モーターボート競走会に監督官庁が伝達 不祥事連発「不正防止が不十分」,2024-11-04 17:00:00,https://www.tokyo-np.co.jp/article/364625,Y,日本モーターボート競走会,-
野村証券、不祥事相次ぎ幹部謝罪 相場操縦と広島市の強盗殺人未遂,2024-11-01 16:00:00,https://www.asahi.com/articles/ASSC13G64SC1ULFA010M.html,Y,野村証券,-
野村ＨＤ、法人・個人向け両事業で暗雲－傘下証券で相次ぐ不祥事,2024-10-31 16:00:00,https://www.bloomberg.co.jp/news/articles/2024-10-31/SM7POOT1UM0W00,Y,野村ＨＤ,野村ホールディングス
不祥事根絶へ 入札巡る不祥事受け福島県が再発防止策を土木部幹部に要請 法令順守の徹底を図る：ニュース,2024-11-06 11:58:00,https://www.fukushima-tv.co.jp/localnews/2024/11/2024110600000003.html,N,福島県,-
大手証券会社・野村證券が相次ぐ不祥事に言及 国債先物取引での相場操縦について謝罪 広島・強盗殺人未遂容疑で逮捕された元社員は懲戒解雇,2024-11-01 16:00:00,https://newsdig.tbs.co.jp/articles/-/1527042,Y,野村證券,-
本当に「第三者」？ 企業不祥事でよく見る「第三者委員会」に潜む問題点（1/5 ページ）,2024-10-31 16:00:00,https://www.itmedia.co.jp/business/articles/2410/31/news013.html,Y,-,-
山梨県民信用組合 顧客の預金着服など新たに不祥事3件が発覚 第三者委の調査で,2024-10-31 16:00:00,https://news.ntv.co.jp/n/ybs/category/society/yscedb94aec27044b9b0ed8bea1b04f94d,Y,山梨県民信用組合,-
2024年度上期近畿AA、出品が1割減 成約台数は横ばい｜近畿圏｜近畿圏,2024-11-06 05:00:00,https://www.netdenjd.com/articles/-/309123,N,-,-
不祥事に揺れる県警 新本部長が着任 「やれることは何でも」 [鹿児島県],2024-11-06 10:30:01,https://www.asahi.com/articles/ASSC54J5CSC5TLTB004M.html,N,鹿児島県,-
山梨県民信用組合“着服・隠蔽”問題で第三者委の調査結果発表,2024-10-31 16:00:00,https://www3.nhk.or.jp/lnews/kofu/20241031/1040024900.html,Y,山梨県民信用組合,-
鹿児島県警 ３件の捜査過程で不適切対応 警察官２１人処分,2024-10-31 16:00:00,https://www3.nhk.or.jp/lnews/kagoshima/20241031/5050028810.html,N,鹿児島県警,-
不祥事相次ぎ「不徳の致すところ」 鹿児島県警本部長が離任会見,2024-11-02 16:00:00,https://www.asahi.com/articles/ASSC140XKSC1TIPE01RM.html,N,鹿児島県警,-
県土木事務所勤務の職員を逮捕 スカート中を盗撮か 会津若松,2024-11-06 16:14:00,https://www3.nhk.or.jp/lnews/fukushima/20241106/6050027892.html,N,会津若松,-
700万円詐取容疑で巡査長を逮捕 制服姿でうその委任状を提示か [神奈川県],2024-11-04 17:00:00,https://www.asahi.com/articles/ASSC42C5BSC4ULOB005M.html,N,[神奈川県],-
京都市バス運転手が懲戒処分 市交通局の今年度懲戒処分６人に,2024-11-01 16:00:00,https://www3.nhk.or.jp/lnews/kyoto/20241101/2010021249.html,N,京都市交通局,-
不祥事相次ぐ鹿児島県警のトップに 岩瀬聡新本部長が就任 一連の不祥事を謝罪｢再発防止策を着実に｣,2024-11-05 19:08:00,https://news.ntv.co.jp/n/kyt/category/society/kye0975dd3f0664b6ca4bb89e8ea0a2e28,N,鹿児島県警,-
【不祥事受け福島県会見】県職員「スカートの中を盗撮しようとした疑い」逮捕 不祥事根絶緊急会議の翌日に,2024-11-06 16:41:00,https://www.fnn.jp/articles/-/783079,N,福島県,-
野村證券より凶悪「富士銀行顧客殺し事件」を覚えてますか…相次ぐ不祥事は「巨艦・野村沈没」の予兆なのか,2024-11-05 05:00:00,https://gendai.media/articles/-/140761,Y,野村證券,-
報道機関強制捜査「権力の暴走ではない」 不祥事もみ消し疑惑の鹿児島県警・野川本部長が離任会見,2024-11-01 16:00:00,https://www.nishinippon.co.jp/item/n/1277152/,N,鹿児島県警,-
鹿児島県警の不祥事隠蔽疑惑「率先して対応」 岩瀬本部長が着任記者会見,2024-11-06 06:00:00,https://www.nishinippon.co.jp/item/n/1278430/,N,鹿児島県警,-
不祥事相次ぐ県警 野川明輝本部長が異動へ 警察庁長官官房付に 1日に離任会見,2024-10-30 16:00:00,https://news.ntv.co.jp/n/kyt/category/society/ky44a8fef7597d4ab9b64bbe8d7b0ab451,N,鹿児島県警,-
鹿児島県警・野川明輝本部長が異動へ 4月以降に警官不祥事4件,2024-10-30 16:00:00,https://373news.com/_news/storyid/203709/,N,鹿児島県警,-
不祥事＞福島空港内の盛土工事めぐり工事費漏らした県職員を起訴 「共有フォルダ」で担当外も見れる状態,2024-11-01 16:00:00,https://www.fnn.jp/articles/-/781330,N,福島空港,-
鹿児島ニュースＫＴＳ Kagoshima Television for Smile,2024-11-01 16:00:00,https://www.kts-tv.co.jp/news/20322/,N,Kagoshima Television,-
離任する鹿児島県警本部長が不祥事を謝罪「私の不徳の致すところによって、一連の事案引き起こされた面も」,2024-11-02 16:00:00,https://www.yomiuri.co.jp/local/kyushu/news/20241102-OYTNT50038/,N,鹿児島県警,-
女子トイレで盗撮の高校事務次長、懲戒免職 経費不正受給で教諭減給 鳥取県教委,2024-10-31 16:00:00,https://www.sanin-chuo.co.jp/articles/-/671640,N,鳥取県教委,-
不祥事隠ぺい疑惑 決着せぬまま 鹿児島県警・野川明輝本部長が１１月５日付で異動,2024-10-30 16:00:00,https://www.fnn.jp/articles/-/779875,N,鹿児島県警,-
本当に「第三者」？ 企業不祥事でよく見る「第三者委員会」に潜む問題点,2024-10-31 16:00:00,https://www.itmedia.co.jp/business/articles/2410/31/news013_2.html,Y,-,-
鹿児島県警の不祥事を巡る再発防止策などについて発言する野川明輝本部長＝25日午後、鹿児島市 - 隠蔽疑惑の鹿児島県警本部長が異動へ 説明尽くさぬまま、「幕引きか」県民憤り - 写真・画像(1/1),2024-10-31 20:22:25,https://www.nishinippon.co.jp/image/847648/,N,鹿児島県警,-
草野仁、TBS系特番「世界ふしぎ発見！」出演で不祥事に注意？「不倫などしないようにしてきた」,2024-10-30 16:00:00,https://www.sanspo.com/article/20241030-GUTZAWYOVFKM3LTOZL7HJ2CAXI/,N,草野仁,-
鹿児島県警の不祥事、改めて謝罪 野川本部長が離任会見,2024-11-01 16:00:00,https://www.niigata-nippo.co.jp/articles/-/502571,N,鹿児島県警,-
野村HD、不祥事続発を陳謝＝相場操縦や強殺未遂(時事通信),2024-11-01 16:00:00,https://finance.yahoo.co.jp/news/detail/20241101-00000350-jijf-stocks.vip,Y,野村HD,野村ホールディングス
野村HD、不祥事続発を陳謝＝相場操縦や強殺未遂(時事通信),2024-11-01 16:00:00,https://finance.yahoo.co.jp/news/detail/20241101-00000320-jijf-bus_all,Y,野村HD,野村ホールディングス
鹿児島県警の不祥事、改めて謝罪 野川本部長が離任会見 ｜ 共同通信,2024-11-01 19:22:00,https://nordot.app/1224998841486426455,N,鹿児島県警,-
本当に「第三者」？ 企業不祥事でよく見る「第三者委員会」に潜む問題点（4/5 ページ）,2024-10-31 05:00:00,https://www.itmedia.co.jp/business/articles/2410/31/news013_4.html,Y,-,-
隠蔽疑惑の鹿児島県警本部長が異動へ 説明尽くさぬまま、「幕引きか」県民憤り,2024-10-31 06:00:00,https://www.nishinippon.co.jp/item/n/1276188/,N,鹿児島県警,-
鹿児島県警本部長、改めて一連の不祥事謝罪,2024-11-01 16:53:00,https://www.kochinews.co.jp/article/detail/800632,N,鹿児島県警,-
「王国」の攻防 衆院選・岩手3区／下 不祥事、広瀬氏、裏金 藤原氏連勝阻む 立場一転の「三重苦」 ／岩手,2024-10-31 16:00:00,https://mainichi.jp/articles/20241031/ddl/k03/010/073000c,N,藤原,-
鹿児島県警本部長に岩瀬聡氏が就任 一連の不祥事受け「信頼回復に努める」,2024-11-05 19:48:00,https://newsdig.tbs.co.jp/articles/-/1534215,N,鹿児島県警,-
「県民に迷惑かけた」鹿児島県警不祥事、離任の本部長が改めて謝罪 5日付で異動,2024-11-01 16:00:00,https://www.sankei.com/article/20241101-5V5CMW3H35IS7BII3EUZUV2VEQ/photo/63UO3RPMHZNQNAJTU6K52P5MFQ/,N,鹿児島県警,-
鹿児島県警の不祥事、改めて謝罪 野川本部長が離任会見,2024-11-01 16:00:00,https://www.nippon.com/ja/news/kd1224998841486426455/,N,鹿児島県警,-
本当に「第三者」？ 企業不祥事でよく見る「第三者委員会」に潜む問題点（3/5 ページ）,2024-10-31 16:00:00,https://www.itmedia.co.jp/business/articles/2410/31/news013_3.html,Y,-,-
県警本部長が離任へ 不祥事を謝罪,2024-11-01 16:00:00,https://news.goo.ne.jp/topstories/region/goo/e2d88bb422dc1461df358a2d55da8bfd.html,N,鹿児島県警,-
女川原発2号機と同型炉の柏崎刈羽原発、再稼働の行方見えず 東電不祥事で地元新潟に不信感、避難など課題も多く,2024-10-30 16:00:00,https://www.niigata-nippo.co.jp/articles/-/500747,Y,東電,東京電力ホールディングス
横手市議会、市長の減給案を可決 相次ぐ不祥事受け引責,2024-11-05 21:08:21,https://www.47news.jp/11727484.html,N,横手市長,-
「追跡・鹿児島県警 闇を暴け！」 県警不祥事本、南方新社が出版（朝日新聞）,2024-11-06 10:30:00,https://topics.smt.docomo.ne.jp/article/asahi/nation/ASSC54JH6SC5TLTB001M,N,南方新社,-
鹿児島県警の不祥事、改めて謝罪【写真】,2024-11-01 17:27:29,https://www.chugoku-np.co.jp/articles/gallery/550583,N,鹿児島県警,-
不祥事根絶へ 入札巡る不祥事受け福島県が再発防止策を土木部幹部に要請 法令順守の徹底を図る (2024年11月6日),2024-11-06 12:04:00,https://www.excite.co.jp/news/article/fukushima_tv_1226729312050922366/,N,福島県,-
【不祥事受け福島県会見】県職員「スカートの中を盗撮しようとした疑い」逮捕 不祥事根絶緊急会議の翌日に,2024-11-06 16:41:00,https://news.goo.ne.jp/picture/region/fukushimatv-26030.html,N,福島県,-
秋大病院看護師２人の不祥事を謝罪 南谷学長、再発防止へ研修,2024-11-01 16:00:00,https://www.47news.jp/11707198.html,N,南谷学長,-
鹿児島県警の不祥事、改めて謝罪 野川本部長が離任会見,2024-11-01 16:00:00,https://topics.smt.docomo.ne.jp/article/kyodo_nor/region/kyodo_nor-2024110101001695?fm\u003dtopics\u0026fm_topics_id\u003de2d88bb422dc1461df358a2d55da8bfd,N,鹿児島県警,-
県土木部職員の不祥事 再発防止に向け緊急会議（福島）,2024-11-05 16:30:00,https://news.goo.ne.jp/article/kfb/region/kfb-20241105-00001184.html,N,福島,-
鹿児島県警の不祥事、改めて謝罪 - 野川本部長が離任会見,2024-11-01 20:21:37,https://www.nara-np.co.jp/global/2024110101001694.html,N,鹿児島県警,-
robothome：不祥事発覚による業績悪化を乗り越え再び成長局面に突入、業績急拡大中の不動産テック関連銘柄,2024-11-05 12:23:00,https://topics.smt.docomo.ne.jp/article/fisco/business/fisco-0009350020241105013,Y,robothome,-
鹿児島県警の不祥事、改めて謝罪 野川本部長が離任会見 \u003d 社会 - 写真,2024-11-01 16:00:00,https://news.goo.ne.jp/picture/nation/kyodo_nor-2024110101001695.html,N,鹿児島県警,-
不祥事根絶へ 入札巡る不祥事受け福島県が再発防止策を土木部幹部に要請 法令順守の徹底を図る,2024-11-06 11:58:00,https://news.goo.ne.jp/picture/region/fukushimatv-26012.html,N,福島県,-
鹿児島県警の不祥事、改めて謝罪,2024-11-01 16:00:00,https://article.auone.jp/detail/1/2/2/223_2_r_20241101_1730449772308769,N,鹿児島県警,-
「歴代不祥事の中でも伝説級」神奈川県警 現役警官の“驚愕悪事”にネット呆然「マジでどうなってんの」,2024-11-06 11:00:00,https://news.goo.ne.jp/picture/nation/jisin-https_jisin.jp_p_2391457.html,N,神奈川県警,-
野村證券 相次ぐ不祥事に言及,2024-11-01 17:15:28,https://news.biglobe.ne.jp/topics/economy/1101/94898.html,Y,野村證券,野村ホールディングス
鹿児島県警本部長、改めて一連の不祥事謝罪,2024-11-01 16:00:00,https://article.auone.jp/detail/1/2/2/223_2_r_20241101_1730447642659593,N,鹿児島県警,-
鹿児島県警の野川明輝本部長 来月５日に警察庁へ異動 在任中に不祥事相次ぎ再発防止策 隠ぺい疑惑も,2024-10-30 16:00:00,https://news.goo.ne.jp/article/kkb/region/kkb-20241030-00008142.html,N,鹿児島県警,-
不祥事相次ぐ鹿児島県警のトップに 岩瀬聡新本部長が就任 一連の不祥事を謝罪｢再発防止策を着実に｣,2024-11-05 17:00:00,https://www.msn.com/ja-jp/news/national/%E4%B8%8D%E7%A5%A5%E4%BA%8B%E7%9B%B8%E6%AC%A1%E3%81%90%E9%B9%BF%E5%85%90%E5%B3%B6%E7%9C%8C%E8%AD%A6%E3%81%AE%E3%83%88%E3%83%83%E3%83%97%E3%81%AB-%E5%B2%A9%E7%80%AC%E8%81%A1%E6%96%B0%E6%9C%AC%E9%83%A8%E9%95%B7%E3%81%8C%E5%B0%B1%E4%BB%BB-%E4%B8%80%E9%80%A3%E3%81%AE%E4%B8%8D%E7%A5%A5%E4%BA%8B%E3%82%92%E8%AC%9D%E7%BD%AA-%E5%86%8D%E7%99%BA%E9%98%B2%E6%AD%A2%E7%AD%96%E3%82%92%E7%9D%80%E5%AE%9F%E3%81%AB/vi-AA1txAh4,N,鹿児島県警,-
鹿児島県警の不祥事、改めて謝罪 野川本部長が離任会見（2024年11月1日）｜BIGLOBEニュース,2024-11-01 16:00:00,https://news.biglobe.ne.jp/domestic/1101/kyo_241101_8022370007.html,N,鹿児島県警,-
競艇「全レース停止」の可能性、日本モーターボート競走会に監督官庁が伝達 不祥事連発「不正防止が不十分」,2024-11-06 05:00:06,https://www.msn.com/ja-jp/money/other/%E7%AB%B6%E8%89%87-%E5%85%A8%E3%83%AC%E3%83%BC%E3%82%B9%E5%81%9C%E6%AD%A2-%E3%81%AE%E5%8F%AF%E8%83%BD%E6%80%A7-%E6%97%A5%E6%9C%AC%E3%83%A2%E3%83%BC%E3%82%BF%E3%83%BC%E3%83%9C%E3%83%BC%E3%83%88%E7%AB%B6%E8%B5%B0%E4%BC%9A%E3%81%AB%E7%9B%A3%E7%9D%A3%E5%AE%98%E5%BA%81%E3%81%8C%E4%BC%9D%E9%81%94-%E4%B8%8D%E7%A5%A5%E4%BA%8B%E9%80%A3%E7%99%BA-%E4%B8%8D%E6%AD%A3%E9%98%B2%E6%AD%A2%E3%81%8C%E4%B8%8D%E5%8D%81%E5%88%86/ar-AA1tqUbu,N,日本モーターボート競走会,-
鹿児島県警本部長、改めて一連の不祥事謝罪（2024年11月1日）,2024-11-01 16:53:23,https://news.biglobe.ne.jp/domestic/1101/kyo_241101_4480761236.html,N,鹿児島県警,-
「より野球に集中できた」世界一の裏で大谷を支えた真美子夫人とデコピン 水原元通訳の不祥事も乗り越えた,2024-11-01 16:00:00,https://news.goo.ne.jp/article/hochi/sports/hochi-20241031-OHT1T51221.html,N,水原元通訳,-
山梨県民信用組合 顧客の預金着服など新たに不祥事3件が発覚 第三者委の調査で,2024-10-31 19:07:30,https://www.msn.com/ja-jp/money/other/%E5%B1%B1%E6%A2%A8%E7%9C%8C%E6%B0%91%E4%BF%A1%E7%94%A8%E7%B5%84%E5%90%88-%E9%A1%A7%E5%AE%A2%E3%81%AE%E9%A0%90%E9%87%91%E7%9D%80%E6%9C%8D%E3%81%AA%E3%81%A9%E6%96%B0%E3%81%9F%E3%81%AB%E4%B8%8D%E7%A5%A5%E4%BA%8B3%E4%BB%B6%E3%81%8C%E7%99%BA%E8%A6%9A-%E7%AC%AC%E4%B8%89%E8%80%85%E5%A7%94%E3%81%AE%E8%AA%BF%E6%9F%BB%E3%81%A7/vi-AA1tfX3f,Y,山梨県民信用組合,-
「いずれ真実が明らかになる」 鹿児島県警・野川本部長離任会見 不祥事の隠ぺい疑念拭えぬまま離任へ,2024-11-01 18:58:00,https://news.goo.ne.jp/picture/nation/ktstv-20322.html,N,鹿児島県警,-
現職警官ら6人逮捕、離任間際に不適切対応延べ38人処分…不祥事の隠蔽疑惑も取り沙汰された県警トップは在任2年1カ月を振り返り「疑念晴らせず心残り」,2024-11-02 16:00:00,https://news.goo.ne.jp/article/minaminippon/region/minaminippon-20241101231919.html,N,-,-
盛山晋太郎、危険なニオイする人物が持つ“アイテム”発見 不祥事起こした先輩も所有…「十分なソース」,2024-11-05 17:56:34,http://www.msn.com/ja-jp/news/entertainment/%E7%9B%9B%E5%B1%B1%E6%99%8B%E5%A4%AA%E9%83%8E-%E5%8D%B1%E9%99%BA%E3%81%AA%E3%83%8B%E3%82%AA%E3%82%A4%E3%81%99%E3%82%8B%E4%BA%BA%E7%89%A9%E3%81%8C%E6%8C%81%E3%81%A4-%E3%82%A2%E3%82%A4%E3%83%86%E3%83%A0-%E7%99%BA%E8%A6%8B-%E4%B8%8D%E7%A5%A5%E4%BA%8B%E8%B5%B7%E3%81%93%E3%81%97%E3%81%9F%E5%85%88%E8%BC%A9%E3%82%82%E6%89%80%E6%9C%89-%E5%8D%81%E5%88%86%E3%81%AA%E3%82%BD%E3%83%BC%E3%82%B9/ar-AA1twttP?apiversion\u003dv2\u0026noservercache\u003d1\u0026domshim\u003d1\u0026renderwebcomponents\u003d1\u0026wcseo\u003d1\u0026batchservertelemetry\u003d1\u0026noservertelemetry\u003d1,N,盛山晋太郎,-
「信頼回復は簡単ではない。再発防止対策を着実に進める」不祥事続いた鹿児島県警に就任した岩瀬聡本部長が会見〈岩瀬本部長の一問一答付き〉,2024-11-06 06:00:00,https://news.goo.ne.jp/article/minaminippon/region/minaminippon-20241105213833.html,N,鹿児島県警,-
写真ニュース(1/1): 野村ＨＤ、不祥事続発を陳謝＝相場操縦や強殺未遂,2024-11-01 17:25:00,https://news.biglobe.ne.jp/domestic/1101/3546660591/jj_jj_20241101173017_1_jpg.html,Y,野村ＨＤ,野村ホールディングス
写真ニュース(1/1): 鹿児島県警の不祥事、改めて謝罪 野川本部長が離任会見,2024-11-01 16:00:00,https://news.biglobe.ne.jp/domestic/1101/8022370007/kyo_kyo_origin_1_1_jpg.html,N,鹿児島県警,-
新本部長「自分自身、積極的に取り組む」 鹿児島県警の不祥事を受けて,2024-11-05 18:10:00,https://news.goo.ne.jp/article/ktstv/region/ktstv-20366.html,N,鹿児島県警,-
新本部長「自分自身、積極的に取り組む」 鹿児島県警の不祥事を受けて,2024-11-05 18:45:00,https://www.msn.com/ja-jp/news/national/%E6%96%B0%E6%9C%AC%E9%83%A8%E9%95%B7-%E8%87%AA%E5%88%86%E8%87%AA%E8%BA%AB-%E7%A9%8D%E6%A5%B5%E7%9A%84%E3%81%AB%E5%8F%96%E3%82%8A%E7%B5%84%E3%82%80-%E9%B9%BF%E5%85%90%E5%B3%B6%E7%9C%8C%E8%AD%A6%E3%81%AE%E4%B8%8D%E7%A5%A5%E4%BA%8B%E3%82%92%E5%8F%97%E3%81%91%E3%81%A6/ar-AA1tx4ad,N,鹿児島県警,-
＜不祥事＞福島空港内の盛土工事めぐり工事費漏らした県職員を起訴 「共有フォルダ」で担当外も見れる状態,2024-11-01 20:51:17,https://www.msn.com/ja-jp/news/national/%E4%B8%8D%E7%A5%A5%E4%BA%8B-%E7%A6%8F%E5%B3%B6%E7%A9%BA%E6%B8%AF%E5%86%85%E3%81%AE%E7%9B%9B%E5%9C%9F%E5%B7%A5%E4%BA%8B%E3%82%81%E3%81%90%E3%82%8A%E5%B7%A5%E4%BA%8B%E8%B2%BB%E6%BC%8F%E3%82%89%E3%81%97%E3%81%9F%E7%9C%8C%E8%81%B7%E5%93%A1%E3%82%92%E8%B5%B7%E8%A8%B4-%E5%85%B1%E6%9C%89%E3%83%95%E3%82%A9%E3%83%AB%E3%83%80-%E3%81%A7%E6%8B%85%E5%BD%93%E5%A4%96%E3%82%82%E8%A6%8B%E3%82%8C%E3%82%8B%E7%8A%B6%E6%85%8B/ar-AA1tkqfH,N,-,-
「いずれ真実が明らかになる」 鹿児島県警・野川本部長離任会見 不祥事の隠ぺい疑念拭えぬまま離任へ,2024-11-03 10:55:50,https://www.msn.com/ja-jp/news/national/%E3%81%84%E3%81%9A%E3%82%8C%E7%9C%9F%E5%AE%9F%E3%81%8C%E6%98%8E%E3%82%89%E3%81%8B%E3%81%AB%E3%81%AA%E3%82%8B-%E9%B9%BF%E5%85%90%E5%B3%B6%E7%9C%8C%E8%AD%A6-%E9%87%8E%E5%B7%9D%E6%9C%AC%E9%83%A8%E9%95%B7%E9%9B%A2%E4%BB%BB%E4%BC%9A%E8%A6%8B-%E4%B8%8D%E7%A5%A5%E4%BA%8B%E3%81%AE%E9%9A%A0%E3%81%BA%E3%81%84%E7%96%91%E5%BF%B5%E6%8B%AD%E3%81%88%E3%81%AC%E3%81%BE%E3%81%BE%E9%9B%A2%E4%BB%BB%E3%81%B8/ar-AA1tkkRP,N,鹿児島県警,-
動画で「なにわ男子」大橋和也の姿がばっさりカット 不祥事を心配する声も (2024年11月5日掲載),2024-11-05 19:41:16,https://news.livedoor.com/topics/detail/27500235/,N,なにわ男子,-
不祥事隠ぺい疑惑 決着せぬまま 鹿児島県警・野川明輝本部長が１１月５日付で異動 (2024年10月30日),2024-10-30 17:42:00,https://www.excite.co.jp/news/article/kts_1224277683421315876/,N,鹿児島県警,-
盛山晋太郎、危険なニオイする人物が持つ“アイテム”発見 不祥事起こした先輩も所有…「十分なソース」,2024-11-06 15:45:00,https://news.nifty.com/article/entame/showbizd/12189-3538624/,N,盛山晋太郎,-
「歴代不祥事の中でも伝説級」神奈川県警 現役警官の“驚愕悪事”にネット呆然「マジでどうなってんの」,2024-11-06 11:00:07,https://news.nifty.com/article/domestic/society/12268-3537330/,N,神奈川県警,-
神奈川県警の警察官が詐欺などで逮捕 「歴代不祥事の中でも伝説級すぎ」などと呆然,2024-11-06 12:30:48,https://news.nifty.com/topics/12268/241106797562/?utm_source\u003dniftytop\u0026utm_medium\u003dreferral\u0026utm_campaign\u003dpc_niftytop_topics,N,神奈川県警,-
品質不正に関する外部調査委員会による調査結果および当社の取り組みについて | 経営・財務 | 企業・経営 | プレスリリース,2024-11-01 16:00:00,https://news.panasonic.com/jp/press/jn241101-3,Y,-,-
県から事業委託受けた会社の派遣社員 不正アクセス疑いで逮捕,2024-11-05 18:24:00,https://www3.nhk.or.jp/lnews/utsunomiya/20241105/1090018930.html,Y,-,-
米大統領選、激戦州で相次ぐ不正 虚偽登録や偽動画,2024-11-02 16:00:00,https://www.nikkei.com/article/DGXZQOGN31EVX0R31C24A0000000/,N,-,-
トランプ氏、激戦州ペンシルベニアで「選挙不正判明」と虚偽の主張,2024-10-31 16:00:00,https://jp.reuters.com/world/us/NTVK2TYSOJL4RNQJ5VMFQBND7I-2024-11-01/,N,トランプ氏,-
トランプ氏、激戦州で「不正」主張強める 有権者登録の疑惑が背景に,2024-11-01 16:00:00,https://mainichi.jp/articles/20241101/k00/00m/030/006000c,N,トランプ氏,-
トランプ氏、ペンシルベニア州での選挙不正の懸念煽る 郡は「調査中」,2024-10-30 16:00:00,https://www.cnn.co.jp/usa/35225524.html,N,トランプ氏,-
トランプ氏「選挙を不正操作してる」と攻撃 ハリス氏「絶対落とせない」ミシガン州固め アメリカ大統領選最終盤,2024-11-04 17:00:00,https://www.tokyo-np.co.jp/article/364777,N,トランプ氏,-
トランプ氏、最重要州で「不正」主張 「記者撃たれてもいい」暴言も―米大統領選,2024-11-04 17:00:00,https://www.jiji.com/jc/article?k\u003d2024110400225\u0026g\u003dint,N,トランプ氏,-
野村証券の国債取引不正 再発防止策の実施状況確認へ 金融相,2024-11-01 16:00:00,https://www3.nhk.or.jp/news/html/20241101/k10014626101000.html,Y,野村証券,野村ホールディングス
パナソニックインダストリー、新たな品質不正を公表 計93件5200品番,2024-11-01 16:00:00,https://www.nikkei.com/article/DGXZQOUF014N10R01C24A1000000/,Y,パナソニックインダストリー,パナソニック
競艇「全レース停止」の可能性、日本モーターボート競走会に監督官庁が伝達 不祥事連発「不正防止が不十分」,2024-11-04 17:00:00,https://www.tokyo-np.co.jp/article/364625,N,日本モーターボート競走会,-
不正投票で中国籍の市民を起訴 米ミシガン州,2024-10-31 16:00:00,https://www.cnn.co.jp/usa/35225602.html,N,-,-
報酬を不正請求 市が行政処分 「恵」岐阜市内の２事業所,2024-10-30 16:00:00,https://www3.nhk.or.jp/lnews/gifu/20241030/3080014550.html,N,恵,-
野村証券 国債先物取引で価格不正操作 2100万円余の課徴金納付,2024-10-31 16:00:00,https://www3.nhk.or.jp/news/html/20241031/k10014625561000.html,Y,野村証券,野村ホールディングス
パナソニックHD子会社 1980年代～ことし 93件の不正行為確認,2024-11-01 16:00:00,https://www3.nhk.or.jp/news/html/20241101/k10014626631000.html,Y,パナソニックHD,パナソニック
京都の料亭で不正アクセス１万９０００人の情報漏えいの可能性,2024-10-31 16:00:00,https://www3.nhk.or.jp/kansai-news/20241031/2000088821.html,Y,-,-
松山市の飲食店約800万円不正受給 コロナで休業とうそ申請,2024-10-30 16:00:00,https://www3.nhk.or.jp/matsuyama-news/20241030/8000019733.html,N,-,-
京都の料亭で不正アクセス １万９千人余の情報漏えいの可能性,2024-10-31 16:00:00,https://www3.nhk.or.jp/lnews/kyoto/20241031/2010021243.html,Y,-,-
トランプ氏、激戦州で「大規模な不正行為」と投稿 当局は否定,2024-11-06 07:52:58,https://mainichi.jp/articles/20241106/k00/00m/030/018000c,N,トランプ氏,-
トランプ氏、早くも「不正投票」主張 選挙の信頼性に影響の懸念も [アメリカ大統領選挙2024],2024-11-02 16:00:00,https://www.asahi.com/articles/ASSC20BTPSC2BQBQ0RWM.html,N,トランプ氏,-
投票手続き巡る訴訟相次ぐ 共和「不正阻止」掲げ―混乱もたらす恐れも・米大統領選,2024-11-02 16:00:00,https://www.jiji.com/jc/article?k\u003d2024110100702\u0026g\u003dint,N,-,-
日野自動車が米国の認証不正で2200億円の「罰金」、当局を欺いた巨額の代償,2024-11-01 16:00:00,https://xtech.nikkei.com/atcl/nxt/column/18/00001/09915/,Y,日野自動車,トヨタ
四国地方整備局 幹部職員を減給処分 休暇の帰省を出張申請,2024-11-01 16:00:00,https://www3.nhk.or.jp/lnews/takamatsu/20241101/8030019671.html,N,-,-
鉄道車両の車軸整備作業で不正 JR貨物に事業改善命令 国交省,2024-10-31 16:00:00,https://www3.nhk.or.jp/news/html/20241031/k10014625611000.html,Y,JR貨物,JR
トランプ氏支持のインフルエンサー、１００ドルで不正投票の偽動画拡散 ロシア工作員関与 CNN EXCLUSIVE,2024-11-05 18:02:00,https://www.cnn.co.jp/usa/35225721.html,N,トランプ氏,-
パナ子会社不正９３件、対象製品５２００種類に…社長報酬５０％４か月返上：地域ニュース,2024-11-02 16:00:00,https://www.yomiuri.co.jp/local/kansai/news/20241102-OYO1T50000/,Y,パナ子会社,パナソニック
【米大統領選2024】SNSで広がるペンシルヴェニア州での「選挙不正疑惑」、BBCが検証,2024-11-01 16:00:00,https://www.bbc.com/japanese/articles/c36pw7yz7g6o,N,-,-
輪軸不正をめぐりJR貨物に事業改善命令へ 国交省,2024-10-30 16:00:00,https://www.asahi.com/articles/ASSBZ1Q5GSBZUTIL008M.html,Y,JR貨物,JR
国交省 JR貨物に事業改善命令へ 車軸の整備作業で不正相次ぐ,2024-10-30 16:00:00,https://www3.nhk.or.jp/news/html/20241030/k10014624051000.html,Y,JR貨物,JR
「テロの脅威」「不正投票」 米大統領選巡りSNSでデマ,2024-11-06 05:54:45,https://www.nikkei.com/article/DGXZQOUA05D3F0V01C24A1000000/,N,-,-
不正９３件、社長も隠蔽 パナ子会社、報酬返上―外部調査委,2024-11-01 16:00:00,https://www.jiji.com/jc/article?k\u003d2024110101069\u0026g\u003deco,Y,パナ子会社,パナソニック
ロシア制裁品を不正輸出 大阪の貿易会社代表に有罪判決,2024-10-31 16:00:00,https://www.nikkei.com/article/DGXZQOUF3169N0R31C24A0000000/,Y,大阪の貿易会社,-
【アメリカ大統領選挙】ペンシルベニア、選挙不正におびえる「建国の地」 米大統領選 審判の日・激戦州ルポ,2024-11-06 10:36:47,https://www.nikkei.com/article/DGXZQOGN0610D0W4A101C2000000/,N,-,-
IHI子会社データ改ざん問題 特別委が抜本的な変革求める,2024-10-30 16:00:00,https://www3.nhk.or.jp/news/html/20241030/k10014624071000.html,Y,IHI子会社,IHI
韓国当局、米メタに課徴金1500万ドル 不正に個人情報収集,2024-11-06 14:33:00,https://jp.reuters.com/world/environment/XI5X4ZDG25MZRKL3ZUOK27UTGE-2024-11-06/,Y,米メタ,Meta
旧ビッグモーター不正問題 顧客への被害対応 11月から開始へ,2024-10-31 16:00:00,https://www3.nhk.or.jp/news/html/20241031/k10014625031000.html,Y,旧ビッグモーター,-
料亭の下鴨茶寮に不正アクセス、ペイメントアプリ改ざんでカード情報漏洩の可能性,2024-11-01 16:00:00,https://xtech.nikkei.com/atcl/nxt/news/24/01749/,Y,下鴨茶寮,-
IHI子会社の改ざん、取締役が黙認 調査委「経営と現場に断絶」,2024-10-30 16:00:00,https://www.asahi.com/articles/ASSBZ3JDLSBZULFA012M.html,Y,IHI子会社,IHI
トランプ氏、大票田フロリダ州で勝利確実 「大規模な不正行為」主張も,2024-11-06 12:29:00,https://news.ntv.co.jp/category/international/5745203d389844e59db39da8c36668f3,N,トランプ氏,-
コロナ交付金の不正受給、170億円が国庫未返還 会計検査院指摘,2024-11-06 15:14:39,https://mainichi.jp/articles/20241106/k00/00m/040/132000c,N,-,-
社説：東証社員の株不正取引 「番人」がルール破るとは,2024-10-31 16:00:00,https://mainichi.jp/articles/20241031/ddm/005/070/075000c,Y,東証,-
市原 顧客データ持ち出したか ガス事業会社支店長ら３人逮捕,2024-11-06 11:46:00,https://www3.nhk.or.jp/lnews/chiba/20241106/1080024557.html,Y,ガス事業会社,-
トランプ氏「フィラデルフィアで大規模な不正」とSNS投稿 今後の発言に注目【アメリカ大統領選】,2024-11-06 11:47:14,https://newsdig.tbs.co.jp/articles/-/1535088,N,トランプ氏,-
博文栄光堂オンラインショップに不正アクセス クレカ情報も漏洩か,2024-11-05 17:00:00,https://smbiz.asahi.com/article/15495316,Y,博文栄光堂オンラインショップ,-
損保大手4社カルテルで課徴金20億円 公取委「不正がまん延」,2024-10-31 16:00:00,https://mainichi.jp/articles/20241031/k00/00m/040/180000c,Y,-,-
「ハイチ人が不正投票」フェイク動画拡散 トランプ氏の反移民主張に便乗、露が工作,2024-11-02 16:00:00,https://www.sankei.com/article/20241102-XHQMEECJ25JVTKGBZ7FD77R2TM/,N,-,-
福岡銀行の法人口座開設Webサービスの利便性と不正対策の両立に向け、審査業務を支援,2024-11-06 11:00:03,https://prtimes.jp/main/html/rd/p/000000025.000101212.html,Y,福岡銀行,-
地域通貨を不正取得しゲーム機爆買いか、容疑でベトナム人男女7人を逮捕 大阪・豊中,2024-11-05 20:06:42,https://www.sankei.com/article/20241105-ZVAIIARQTNKMTHBXN24U73WJOI/,N,-,-
パナソニックＨＤ子会社の認証不正、９３件に…電子部品材料で米国の「ＵＬ規格」認証を不正取得,2024-11-01 16:00:00,https://www.yomiuri.co.jp/economy/20241101-OYT1T50089/,Y,パナソニックHD子会社,パナソニック
ニュース「類似店名差止訴訟で「すしざんまい」が逆転敗訴、不正競争防止法の規制について」,2024-11-01 18:03:27,https://www.corporate-legal.jp/news/5899,Y,すしざんまい,-
IHI、社長ら8人が役員報酬返上 子会社の燃費や性能めぐる不正で,2024-11-06 15:46:45,https://www.asahi.com/articles/ASSC624MNSC6ULFA00ZM.html,Y,IHI,IHI
シャープが7月の不正アクセスの調査結果を公表、5836人の個人情報が流出した可能性,2024-10-31 16:00:00,https://xtech.nikkei.com/atcl/nxt/news/24/01740/,Y,シャープ,シャープ
地域限定通貨を不正取得の疑い ベトナム７人逮捕 大阪 豊中,2024-11-05 20:20:00,https://www3.nhk.or.jp/kansai-news/20241105/2000088981.html,N,-,-
企業不正のデータ分析、数日で KPMG系が富士通と協業,2024-10-31 16:00:00,https://www.nikkei.com/article/DGXZQOTG25BGA0V21C24A0000000/,Y,-,-
【速報】NHK子会社で社員が経費200万円以上を私的に不正利用、掃除機など購入 7年間で70件繰り返す,2024-10-30 16:00:00,https://newsdig.tbs.co.jp/articles/-/1521286,Y,NHK子会社,NHK
パナソニックHD子会社、93件の品質不正 外部調査委員会の報告書公表,2024-11-01 16:00:00,https://www.sankei.com/article/20241101-BH2T2IO4AJM73LN65SP3NNTXVA/,Y,パナソニックHD子会社,パナソニック
認証不正、リコール、販売不振 どうなる？逆風のトヨタ中間決算,2024-11-05 14:00:00,https://www.asahi.com/articles/ASSC24V9RSC2ULFA027M.html,Y,-,-
受刑者への暴言や指印の不正使用、刑務官7人を処分 名古屋刑務所 [愛知県],2024-11-06 13:15:00,https://www.asahi.com/articles/ASSC60VWNSC6OIPE009M.html,N,-,-
米情報機関、ロシアを非難 南部州での不正投票偽る動画巡り,2024-11-02 06:11:39,https://jp.reuters.com/world/security/S4HHYU7FQJNRZLEHBO67PPGORY-2024-11-01/,N,-,-
（取材考記）区は検証せず 越境入学不正、まるで他人事 福冨旅史,2024-11-01 16:00:00,https://www.asahi.com/articles/DA3S16074352.html,N,福冨旅史,-
シャープ、５８００人超の個人情報流出 不正アクセスで,2024-10-30 16:00:00,https://www.jiji.com/jc/article?k\u003d2024103001161\u0026g\u003deco,Y,シャープ,シャープ
女子トイレで盗撮の高校事務次長、懲戒免職 経費不正受給で教諭減給 鳥取県教委,2024-10-31 16:00:00,https://www.sanin-chuo.co.jp/articles/-/671640,N,鳥取県教委,-
認証不正の影響残る…トヨタ系部品メーカー５社の通期予想、分かれた明暗,2024-11-01 16:00:00,https://newswitch.jp/p/43472,Y,トヨタ系部品メーカー,トヨタ
トヨタ、純利益２６・４％減,2024-11-06 16:03:01,https://www.shimotsuke.co.jp/articles/-/996085,Y,トヨタ,トヨタ
パナソニック インダストリーの組織ぐるみの品質不正、再発防止策を発表,2024-11-05 06:00:00,https://monoist.itmedia.co.jp/mn/articles/2411/05/news082_2.html,Y,パナソニックインダストリー,パナソニック
"シャープ社の公式サイトで5,836名分の情報流出 ネットワーク脆弱性に不正アクセス",2024-11-05 10:46:14,https://act1.co.jp/2024_11_05-1/,Y,シャープ社,シャープ
「不正投票」偽動画にロシア関与 「分断あおる」と非難―米情報機関,2024-11-02 16:00:00,https://www.jiji.com/jc/article?k\u003d2024110200232\u0026g\u003dint,N,-,-
トヨタの中間決算、2年ぶり営業減益 認証不正で国内生産の低迷響く,2024-11-06 13:57:00,https://www.asahi.com/articles/ASSC6142MSC6ULFA00CM.html,Y,トヨタ,トヨタ
福祉施設で不正請求か 北谷のコンサル会社 夜間職員を水増し,2024-11-06 03:57:00,https://www.okinawatimes.co.jp/articles/-/1466391,Y,北谷のコンサル会社,-
北米エンジン不正で特損…日野自動車、当期2200億円赤字も「大きな峠は越える」,2024-10-31 16:00:00,https://newswitch.jp/p/43456,Y,日野自動車,トヨタ
インサイダー疑惑の出向裁判官、４か月で株利益１０倍の１００万円超…不正取引を増やしたか,2024-11-03 16:00:00,https://www.yomiuri.co.jp/national/20241102-OYT1T50141/,N,-,-
県の事業事務局サーバーに不正アクセスか 男逮捕 栃木県警など,2024-11-05 17:15:00,https://www.shimotsuke.co.jp/articles/-/995484,N,-,-
トランプの元側近、スティーブ・バノン復活。「選挙不正」陰謀論の“強力な代弁者”,2024-10-30 16:00:00,https://wired.jp/article/steve-bannon-is-out-of-prison-and-spreading-lies-online/,N,トランプの元側近,-
野村HD 傘下の野村証券で不祥事相次ぎ「非常に遺憾」,2024-11-01 16:00:00,https://www3.nhk.or.jp/news/html/20241101/k10014626431000.html,Y,野村証券,野村HD
裁判官インサイダー、出向後は担当のＴＯＢ関連企業が中心に…株取引の規定なく「不正は想定外」,2024-11-06 05:00:00,https://www.yomiuri.co.jp/national/20241105-OYT1T50163/,N,-,-
地域通貨を他人のクレカ情報でチャージした疑い ベトナム人7人逮捕 [大阪府],2024-11-05 19:07:26,https://www.asahi.com/articles/ASSC53C6FSC5PTIL00TM.html,N,ベトナム人7人,-
創価学会の仏壇等扱う博文栄光堂に不正アクセス--クレカ2万弱、個人情報5万強流出,2024-11-05 11:55:00,https://japan.cnet.com/article/35225700/,Y,博文栄光堂,-
IHI、社長ら役員報酬返上 船舶用エンジンの試験不正で,2024-11-06 16:41:38,https://www.nikkei.com/article/DGXZQOUC067DS0W4A101C2000000/,Y,IHI,IHI
プロ野球・ヤクルト、チケットの不正転売に警鐘 処分も,2024-11-02 01:02:00,https://news.ntv.co.jp/category/society/e0798f486e65417784a65b079399be10,Y,ヤクルト,-
ジョージア首都で数千人が抗議デモ、議会選の不正訴える,2024-11-04 17:00:00,https://jp.reuters.com/world/europe/YJK7E44535ORLF7ODLBY3CYTBA-2024-11-04/,N,-,-
障がい者グループホームで水増し請求 北谷のコンサルが2200万円 夜間支援員を実態より多く申請 沖縄,2024-11-03 05:00:00,https://ryukyushimpo.jp/news/national/entry-3614062.html,N,北谷のコンサル,-
＜社説＞株不正取引 市場の信頼は傷ついた,2024-11-06 04:00:00,https://www.hokkaido-np.co.jp/article/1084392/,N,-,-
国内８社、車生産６％減 認証不正、中国苦戦響く｜経済｜全国のニュース,2024-10-31 05:00:00,https://www.hokkoku.co.jp/articles/-/1562700,Y,-,-
浸水隠しは組織的不正か 日韓航路のJR九州子会社 信頼回復波高し,2024-11-06 09:00:00,https://mainichi.jp/articles/20241105/k00/00m/040/200000c,Y,JR九州子会社,-
洲本市ふるさと納税不正問題 百条委報告書を上崎市長に提出,2024-11-01 17:44:00,https://www.sun-tv.co.jp/suntvnews/news/2024/11/01/82515/,N,洲本市,-
不正に改造された車やバイクの取り締まりで１３人検挙 県警,2024-11-01 16:00:00,https://www3.nhk.or.jp/lnews/kofu/20241101/1040024902.html,N,県警,-
日本郵船グループのMTIがランサムウエア被害、窃取された認証情報を悪用,2024-11-05 17:00:00,https://xtech.nikkei.com/atcl/nxt/column/18/00598/040500276/,Y,日本郵船グループ,日本郵船
シャープに不正アクセス 約4200人分のクレカ情報が流出した可能性 約5800人は住所や名前など,2024-10-30 19:10:01,https://news.ntv.co.jp/category/economy/ytbdffaab223bc46df8d9b120bbe0487c0,Y,シャープ,シャープ
米大統領選、分断浮き彫り 投票所監視員を一部州が拒否,2024-11-06 05:04:38,https://www.nikkei.com/article/DGXZQOGN05D110V01C24A1000000/,N,-,-
教員不祥事相次ぐ 県教育長 再発防止に向け対策強化の方針,2024-10-29 16:00:00,https://www3.nhk.or.jp/lnews/kochi/20241029/8010021959.html,N,県教育長,-
日本M＆Aセンターで幹部15人超が退職、役員に甘く部長に厳しい不祥事処分に社内で失望広がる【再配信】,2024-10-25 16:00:00,https://diamond.jp/articles/-/352184,Y,日本M＆Aセンター,-
宮迫博之、後藤祐樹氏の不祥事詳細語りに驚き 「極悪人やないか！」とツッコミも,2024-10-25 16:00:00,https://www.nikkansports.com/entertainment/news/202410250000334.html,N,後藤祐樹氏,-
IHI・日立造船・川崎重工業「改ざんだらけ」、エンジンの検査不正はなぜ起きるのか,2024-10-25 16:00:00,https://www.sbbit.jp/article/st/150983,Y,IHI,IHI
不祥事相次ぐ県警 野川明輝本部長が異動へ 警察庁長官官房付に 1日に離任会見,2024-10-30 16:00:00,https://news.ntv.co.jp/n/kyt/category/society/ky44a8fef7597d4ab9b64bbe8d7b0ab451,N,野川明輝本部長,-
鹿児島県警・野川明輝本部長が異動へ 4月以降に警官不祥事4件,2024-10-30 16:00:00,https://373news.com/_news/storyid/203709/,N,鹿児島県警,-
トヨタ、不祥事でガバナンスイメージ失墜 ESGブランド調査,2024-10-24 16:00:00,https://business.nikkei.com/atcl/gen/19/00677/100800002/,Y,トヨタ,トヨタ
不祥事隠ぺい疑惑 決着せぬまま 鹿児島県警・野川明輝本部長が１１月５日付で異動,2024-10-30 16:00:00,https://www.fnn.jp/articles/-/779875,N,鹿児島県警,-
ともに“不祥事”抱え…“一騎打ち”に幹部が次々と…新潟5区,2024-10-24 16:00:00,https://news.tv-asahi.co.jp/news_politics/articles/900010738.html,N,-,-
ＩＣＣ検察官に不祥事報道 締約国会議が声明,2024-10-25 16:00:00,https://www.tokyo-np.co.jp/article/362407,N,-,-
＜衆院選2024＞東京15区 選挙区内で相次いだ不祥事…4月に続き“今年2回目の衆院選”,2024-10-26 16:00:00,https://s.mxtv.jp/tokyomxplus/mx/article/202410261010/detail/,N,-,-
16歳未満と知り性交か…高知県の中学校教員（44）を不同意性交等容疑で逮捕,2024-10-28 16:00:00,https://newsdig.tbs.co.jp/articles/kutv/1515529?display\u003d1,N,中学校教員,-
酒気帯び、児童買春、わいせつ行為、捜査書類廃棄…不祥事相次ぐ兵庫県警、警察官4人処分,2024-10-27 16:00:00,https://jocr.jp/raditopi/2024/10/27/599194/,N,兵庫県警,-
東証社員がインサイダー疑い、改革要請の中で表面化－ＪＰＸ株は下落,2024-10-23 16:00:00,https://www.bloomberg.co.jp/news/articles/2024-10-23/SLSABUT0AFB400,Y,東証,JPX
オリンパス 社長兼CEOが辞任 違法薬物購入の通報受け内部調査 | NHK | 半導体,2024-10-28 16:00:00,https://www3.nhk.or.jp/news/html/20241028/k10014621191000.html,Y,オリンパス,オリンパス
郵政、不祥事繰り返す要因は,2024-10-27 16:00:00,https://www.nishinippon.co.jp/item/n/1274451/,N,郵政,-
草野仁、TBS系特番「世界ふしぎ発見！」出演で不祥事に注意？「不倫などしないようにしてきた」,2024-10-30 16:00:00,https://www.sanspo.com/article/20241030-GUTZAWYOVFKM3LTOZL7HJ2CAXI/,N,草野仁,-
これが先進国？ 東証社員インサイダー疑い、単なる“不祥事”では済まない深刻な理由,2024-10-25 16:00:00,https://www.itmedia.co.jp/business/articles/2410/25/news085.html,Y,東証,JPX
ICC検察官に不祥事報道 締約国会議が声明,2024-10-25 16:00:00,https://www.nippon.com/ja/news/kd1222296281007030376/,N,-,-
ＩＣＣ検察官に不祥事報道 締約国会議が声明｜全国のニュース,2024-10-25 16:00:00,https://www.hokkoku.co.jp/articles/-/1557058,N,-,-
田代まさしさん「志村さんは連絡くれなかったけど…」不祥事の際、救おうとしてくれた超大物とは？,2024-10-26 16:00:00,https://www.sponichi.co.jp/entertainment/news/2024/10/26/kiji/20241026s00041000201000c.html,N,田代まさしさん,-
【プレビュー】＜衆院選2024＞東京15区 選挙区内で相次いだ不祥事…4月に続き“今年2回目の衆院選”,2024-10-26 16:00:00,https://s.mxtv.jp/tokyomxplus/mx/article/202410261010,N,-,-
ＩＣＣ検察官に不祥事報道 締約国会議が声明,2024-10-25 16:00:00,https://www.niigata-nippo.co.jp/articles/-/497919,N,-,-
ICC検察官に不祥事報道 締約国会議が声明,2024-10-25 16:00:00,https://www.hokkaido-np.co.jp/article/1079780/,N,-,-
鹿児島県警の不祥事を巡り、百条委員会の設置を求める決議案を県議会の松里保広議長（左から2人目）に提出する「県民連合」の議員ら＝9月24日午後、鹿児島県議会 - 敗因は「裏金、2千万、百条委反対」 鹿児島自民が初の衆院選「過半数割れ」 県警不祥事もみ消し疑惑へ,2024-10-29 22:02:36,https://www.nishinippon.co.jp/sp/image/847148/,N,鹿児島県警,-
ICC検察官に不祥事報道 締約国会議が声明,2024-10-25 16:00:00,https://www.nishinippon.co.jp/item/o/1273817/,N,-,-
敗因は「裏金、2千万、百条委反対」 鹿児島自民が初の衆院選「過半数割れ」 県警不祥事もみ消し疑惑への対応に批判,2024-10-29 16:00:00,https://www.nishinippon.co.jp/item/n/1275664/,N,鹿児島自民,-
「暴露発言、自身の不祥事重なり」静岡3区 無所属・宮沢博行氏が落選【衆院選2024】,2024-10-28 02:27:00,https://www.home-tv.co.jp/news/content/?news_id\u003d000380638,N,宮沢博行氏,-
「もうテレビで見たくない」不祥事タレントは？ 3位松本人志、2位斉藤慎二、「性格が本当にひどい」ぶっちぎり1位は？【500人に聞いた】,2024-10-27 16:00:00,https://smart-flash.jp/entame/313139/1/1/,N,-,-
高知県の長岡教育長「指導の徹底図る」 相次ぐ教員の不祥事受けて【高知】,2024-10-29 18:42:01,https://news.ntv.co.jp/category/society/rc8500af7644974801b410df322d6b7758,N,長岡教育長,-
ともに“不祥事”抱え…“一騎打ち”に幹部が次々と…新潟5区,2024-10-24 16:00:00,https://times.abema.tv/articles/-/10148204,N,-,-
【大学野球】不祥事からの確かな変化と手応え 1年間の取り組みを実証した立大 | 野球コラム - 週刊ベースボールONLINE,2024-10-28 16:00:00,https://column.sp.baseball.findfriends.jp/?pid\u003dcolumn_detail\u0026id\u003d097-20241028-14,Y,立大,-
「暴露発言、自身の不祥事重なり」静岡3区 無所属・宮沢博行氏が落選【衆院選2024】,2024-10-28 16:00:00,https://news.ksb.co.jp/ann/article/15483743,N,宮沢博行氏,-
「1つの党に任せっきりにしたから今回のような不祥事が起こった」自民大敗の衆議院選挙結果受け 有権者からは厳しい声が 宮城,2024-10-28 16:00:00,https://newsdig.tbs.co.jp/articles/tbc/1515753?display\u003d1,N,自民,-
女川原発2号機と同型炉の柏崎刈羽原発、再稼働の行方見えず 東電不祥事で地元新潟に不信感、避難など課題も多く,2024-10-30 16:00:00,https://www.niigata-nippo.co.jp/articles/-/500747,Y,東電,東電
永野が結婚10年後の公表語る「僕の狙い通り、翌週芸能人が不祥事続いて流れました」,2024-10-23 16:00:00,https://www.nikkansports.com/entertainment/news/202410230000740.html,N,永野,-
ＩＣＣ検察官に不祥事報道,2024-10-25 16:00:00,https://www.saitama-np.co.jp/articles/106364/postDetail,N,-,-
自民党・丸川珠代氏「お助けください！」裏金苦境で涙の選挙SOSも「愚か者めが」ブーメラン発言に批判殺到,2024-10-26 16:00:00,https://www.jprime.jp/articles/-/33986?display\u003db,N,丸川珠代氏,-
ＩＣＣ検察官に不祥事報道,2024-10-25 16:00:00,https://www.daily.co.jp/society/world/2024/10/25/0018266826.shtml,N,-,-
「もうテレビで見たくない」不祥事タレントは？ 3位松本人志、2位斉藤慎二、「性格が本当にひどい」ぶっちぎり1位は？【500人に聞いた】,2024-10-27 06:26:09,https://smart-flash.jp/entame/313139/image/0/,N,-,-
斉藤の不祥事 2人が背負う影響,2024-10-25 16:00:00,https://news.biglobe.ne.jp/topics/entertainment/1025/31825.html,N,斉藤,-
鹿児島県警の野川明輝本部長 来月５日に警察庁へ異動 在任中に不祥事相次ぎ再発防止策 隠ぺい疑惑も,2024-10-30 16:00:00,https://news.goo.ne.jp/article/kkb/region/kkb-20241030-00008142.html,N,野川明輝本部長,-
ともに“不祥事”抱え…“一騎打ち”に幹部が次々と…新潟5区(テレ朝news),2024-10-24 16:00:00,https://news.goo.ne.jp/article/tvasahinews/politics/tvasahinews-900010738.html?page\u003d3,N,-,-
ICC検察官に不祥事報道,2024-10-25 16:00:00,https://article.auone.jp/detail/1/4/8/229_8_r_20241025_1729807352778294,N,-,-
後藤祐樹氏の“笑えない”不祥事暴露…宮迫のYouTube出演で批判殺到、問われる「市議としての資質」,2024-10-26 16:06:27,https://smart-flash.jp/entame/313435/image/0/,N,後藤祐樹氏,-
後藤祐樹氏の“笑えない”不祥事暴露…宮迫のYouTube出演で批判殺到、問われる「市議としての資質」,2024-10-26 16:52:29,http://www.msn.com/ja-jp/news/entertainment/%E5%BE%8C%E8%97%A4%E7%A5%90%E6%A8%B9%E6%B0%8F%E3%81%AE-%E7%AC%91%E3%81%88%E3%81%AA%E3%81%84-%E4%B8%8D%E7%A5%A5%E4%BA%8B%E6%9A%B4%E9%9C%B2-%E5%AE%AE%E8%BF%AB%E3%81%AEyoutube%E5%87%BA%E6%BC%94%E3%81%A7%E6%89%B9%E5%88%A4%E6%AE%BA%E5%88%B0-%E5%95%8F%E3%82%8F%E3%82%8C%E3%82%8B-%E5%B8%82%E8%AD%B0%E3%81%A8%E3%81%97%E3%81%A6%E3%81%AE%E8%B3%87%E8%B3%AA/ar-AA1sXAh8?apiversion\u003dv2\u0026noservercache\u003d1\u0026domshim\u003d1\u0026renderwebcomponents\u003d1\u0026wcseo\u003d1\u0026batchservertelemetry\u003d1\u0026noservertelemetry\u003d1,N,後藤祐樹氏,-
【写真・画像】酒井菜摘候補「東京15区といえば政治家の不祥事」「あなたと作る真っ当な政治」／衆院選・東京15区 1枚目,2024-10-24 16:00:00,https://times.abema.tv/articles/photo/10148293,N,酒井菜摘候補,-
チャオ・ルースー×リウ・ユーニン「珠簾玉幕」間もなく配信、 不祥事による繰り上げか,2024-10-30 02:45:19,http://www.msn.com/ja-jp/news/entertainment/%E3%83%81%E3%83%A3%E3%82%AA-%E3%83%AB%E3%83%BC%E3%82%B9%E3%83%BC-%E3%83%AA%E3%82%A6-%E3%83%A6%E3%83%BC%E3%83%8B%E3%83%B3-%E7%8F%A0%E7%B0%BE%E7%8E%89%E5%B9%95-%E9%96%93%E3%82%82%E3%81%AA%E3%81%8F%E9%85%8D%E4%BF%A1-%E4%B8%8D%E7%A5%A5%E4%BA%8B%E3%81%AB%E3%82%88%E3%82%8B%E7%B9%B0%E3%82%8A%E4%B8%8A%E3%81%92%E3%81%8B/ar-AA1sPA0w?apiversion\u003dv2\u0026noservercache\u003d1\u0026domshim\u003d1\u0026renderwebcomponents\u003d1\u0026wcseo\u003d1\u0026batchservertelemetry\u003d1\u0026noservertelemetry\u003d1,N,チャオ・ルースー×リウ・ユーニン,-
「もうテレビで見たくない」不祥事タレントは？ 3位松本人志、2位斉藤慎二、「性格が本当にひどい」ぶっちぎり1位は？【500人に聞いた】 (2024年10月27日),2024-10-27 06:00:00,https://www.excite.co.jp/news/article/SmartFLASH_1223015202241134668/,N,-,-
チャオ・ルースー×リウ・ユーニン「珠簾玉幕」間もなく配信、不祥事による繰り上げか,2024-10-24 16:00:00,https://www.recordchina.co.jp/b942610-s36-c70-d0196.html,N,チャオ・ルースー×リウ・ユーニン,-
チャオ・ルースー×リウ・ユーニン「珠簾玉幕」間もなく配信、不祥事による繰り上げか,2024-10-24 16:00:00,https://www.recordchina.co.jp/newsinfo?id\u003d942610,N,チャオ・ルースー×リウ・ユーニン,-
松本人志問題、ジャンポケ斉藤慎二の書類送検…日テレが吉本興業に怒り心頭のワケ,2024-10-27 16:00:00,https://news.nifty.com/article/entame/showbizd/12136-3506372/,Y,吉本興業,吉本興業
あの不祥事続きの神奈川県警が業務に生成ＡＩを導入へ。県警内部での証拠や刑法の生成がよりお手軽に,2024-10-28 06:55:22,https://togetter.com/li/2456630,N,神奈川県警,-
ジョージア大統領 “議会選挙で不正あった” 抗議デモ呼びかけ | NHK,2024-10-28 16:00:00,https://www3.nhk.or.jp/news/html/20241028/k10014621151000.html,N,ジョージア大統領,-
\ufeff東欧ジョージア議会選、不正選挙と野党が批判 首相は反論,2024-10-28 16:00:00,https://www.bbc.com/japanese/articles/cd7nn7xpwl0o,N,-,-
激戦州の有権者登録で組織的不正か 2500件の申請、米検察が捜査,2024-10-26 16:00:00,https://mainichi.jp/articles/20241026/k00/00m/030/124000c,N,-,-
トランプ氏、ペンシルベニア州での選挙不正の懸念煽る 郡は「調査中」,2024-10-30 16:00:00,https://www.cnn.co.jp/usa/35225524.html,N,トランプ氏,-
日野自が認証不正問題で2300億円の特別損失 過去最大の赤字へ,2024-10-29 16:00:00,https://www.asahi.com/articles/ASSBY2V50SBYULFA01QM.html,Y,日野自,トヨタ
東南アジアで展開している食品EC「Agro MJ」がクレカ不正対策に「O-PLUX」を導入,2024-10-23 16:00:00,https://prtimes.jp/main/html/rd/p/000000152.000009799.html,Y,Agro MJ,-
IHI・日立造船・川崎重工業「改ざんだらけ」、エンジンの検査不正はなぜ起きるのか,2024-10-25 16:00:00,https://www.sbbit.jp/article/st/150983,Y,IHI,IHI
「PayPay」のホーム画面で「PayPayカード」のカード番号などが確認可能に！,2024-10-24 16:00:00,https://about.paypay.ne.jp/pr/20241024/01/,Y,PayPay,ソフトバンク
【アメリカ大統領選挙】トランプ陣営、投票所「不正監視」へ10万人 米大統領選2024 決着シナリオ点検㊤投票,2024-10-29 16:00:00,https://www.nikkei.com/article/DGXZQOGN21CNY0R21C24A0000000/,N,トランプ陣営,-
ブックオフ、不正関連で6800万円の損失,2024-10-25 16:00:00,https://www.recycle-tsushin.com/news/detail_10229.php,Y,ブックオフ,ブックオフコーポレーション
報酬を不正請求 市が行政処分 「恵」岐阜市内の２事業所,2024-10-30 16:00:00,https://www3.nhk.or.jp/lnews/gifu/20241030/3080014550.html,N,恵,-
輪軸不正をめぐりJR貨物に事業改善命令へ 国交省,2024-10-30 16:00:00,https://www.asahi.com/articles/ASSBZ1Q5GSBZUTIL008M.html,Y,JR貨物,東日本旅客鉄道
スーダン人なのに「有権者」 米激戦州で浮かんだ不正疑惑,2024-10-29 16:00:00,https://mainichi.jp/articles/20241028/k00/00m/030/108000c,N,-,-
新幹線ネット予約、他人IDで乗車券不正入手 被害8億円,2024-10-24 16:00:00,https://www.nikkei.com/article/DGXZQOUE183SL0Y4A011C2000000/,N,-,-
松山市の飲食店約800万円不正受給 コロナで休業とうそ申請,2024-10-30 16:00:00,https://www3.nhk.or.jp/matsuyama-news/20241030/8000019733.html,N,-,-
国交省 JR貨物に事業改善命令へ 車軸の整備作業で不正相次ぐ,2024-10-30 16:00:00,https://www3.nhk.or.jp/news/html/20241030/k10014624051000.html,Y,JR貨物,東日本旅客鉄道
埼玉県警 全国初“不正口座”情報 地元金融機関と迅速共有へ,2024-10-25 16:00:00,https://www3.nhk.or.jp/lnews/saitama/20241025/1100019918.html,N,埼玉県警,-
農協の施設に保管の新米 約２５００キロを不正販売,2024-10-25 16:00:00,https://www3.nhk.or.jp/lnews/utsunomiya/20241025/1090018826.html,N,農協,-
IHI子会社データ改ざん問題 特別委が抜本的な変革求める,2024-10-30 16:00:00,https://www3.nhk.or.jp/news/html/20241030/k10014624071000.html,Y,IHI子会社,IHI
ＪＲ貨物、輪軸不正受け業務監査体制を強化へ,2024-10-24 16:00:00,https://cargo-news.co.jp/cargo-news-main/5056,Y,JR貨物,東日本旅客鉄道
ジョージア “議会選挙に不正” 野党支持者らが大規模なデモ,2024-10-29 16:00:00,https://www3.nhk.or.jp/news/html/20241029/k10014622331000.html,N,-,-
秋田大医学部附属病院の看護師 患者クレカ不正使用で懲戒解雇,2024-10-23 16:00:00,https://www3.nhk.or.jp/lnews/akita/20241023/6010022662.html,N,秋田大医学部附属病院,-
対策強化の陰で国税「完敗」も 消費税不正、過去最高577億円追徴,2024-10-23 16:00:00,https://www.asahi.com/articles/ASSBP15QZSBPUTIL02FM.html,N,-,-
新幹線チケット不正購入容疑 中国人ら２人逮捕、同様被害８億円超―背後に転売組織関与か・警視庁,2024-10-24 16:00:00,https://www.jiji.com/jc/article?k\u003d2024102400415\u0026g\u003dsoc,N,-,-
不正入手したクレカ情報で新幹線チケット大量購入か 2容疑者を逮捕 同様の手口で8億7000万円もの被害,2024-10-24 16:00:00,https://www.tokyo-np.co.jp/article/362349,N,-,-
美容室経営の会社 雇用調整助成金など３１００万円余不正受給,2024-10-25 16:00:00,https://www3.nhk.or.jp/lnews/fukushima/20241025/6050027784.html,Y,美容室経営の会社,-
大和系ファンド運営元代表を逮捕 知人会社へ不正支出か,2024-10-29 16:00:00,https://www.nikkei.com/article/DGXZQOUE171I60X11C24A0000000/,N,大和系ファンド運営元,-
障害者施設運営「恵」の不正問題、労組が厚労省に再発防止を要請,2024-10-30 16:00:00,https://www.asahi.com/articles/ASSBZ3GDYSBZUTFL00GM.html,N,恵,-
生成AIによるディープフェイク対策を強化、本人確認での新たな不正手口に対応,2024-10-23 16:00:00,https://prtimes.jp/main/html/rd/p/000000198.000013861.html,N,-,-
日野自動車 4月～9月 最終赤字2195億円 検査データ不正問題で,2024-10-29 16:00:00,https://www3.nhk.or.jp/news/html/20241029/k10014622871000.html,Y,日野自動車,トヨタ
組織不正は“正しい”？ 時代とともに変わる「正しさ」との向き合い方,2024-10-29 16:00:00,https://jinjibu.jp/article/detl/keyperson/3608/,N,-,-
ジョージア大統領、ロシアが「不正操作」と非難 議会選：時事ドットコム,2024-10-28 16:00:00,https://www.jiji.com/jc/article?k\u003d20241028046614a\u0026g\u003dafp,N,ジョージア大統領,-
東欧ジョージア、議会前で数千人が与党に抗議 選挙不正疑惑めぐり,2024-10-29 16:00:00,https://www.bbc.com/japanese/articles/crln391w45no,N,東欧ジョージア,-
＜コラム 筆洗＞英国のある大学でこんな不正に関する実験をしたそうだ。教職員…,2024-10-27 16:00:00,https://www.tokyo-np.co.jp/article/362763,N,-,-
[FT]マック値上がり誰のせい? データ解析､不正の温床に,2024-10-25 16:00:00,https://www.nikkei.com/article/DGXZQOCB240UC0U4A021C2000000/,Y,マック,-
【速報】NHK子会社で社員が経費200万円以上を私的に不正利用、掃除機など購入 7年間で70件繰り返す,2024-10-30 16:00:00,https://newsdig.tbs.co.jp/articles/-/1521286,Y,NHK子会社,NHK
データ分析を活用した不正リスク低減への取り組み,2024-10-30 16:00:00,https://www.ey.com/ja_jp/insights/forensic-integrity-services/info-sensor-2024-10-08-topics,N,-,-
ダイハツ、試験データの入力自動化 認証不正の再発防止,2024-10-25 16:00:00,https://www.nikkei.com/article/DGXZQOUF256G60V21C24A0000000/,Y,ダイハツ,トヨタ自動車
国の助成金不正受給の飲食店（青森市）が破産手続き開始決定,2024-10-24 18:51:25,https://www.aba-net.com/news/news-128828.html,Y,飲食店（青森市）,-
＜主張＞インサイダー疑惑 裁判官が不正に走るとは 社説,2024-10-24 16:00:00,https://www.sankei.com/article/20241024-PLFB56J43FODXEJCINLYEUMB4M/,N,裁判官,-
シャープ、５８００人超の個人情報流出 不正アクセスで,2024-10-30 16:00:00,https://www.jiji.com/jc/article?k\u003d2024103001161\u0026g\u003deco,Y,シャープ,シャープ
不正軽油撲滅へ 宇都宮の県道で抜き取り調査 道の駅でPRも,2024-10-25 16:00:00,https://www.shimotsuke.co.jp/articles/-/988873,N,宇都宮の県道,-
NTTと早大が技術、プログラムのバグ修正 不正アクセス攻撃防止,2024-10-29 16:00:00,https://www.nikkan.co.jp/articles/view/00729218,Y,NTT,NTT
"オーガニック食品ECサイトが不正アクセス 27,851名分の個人情報流出のおそれ【スローヴィレッジ】",2024-10-29 16:00:00,https://act1.co.jp/2024_10_29-1/,Y,スローヴィレッジ,-
不正なSMSは配信せずにブロック、利用者を守る通信事業者のスミッシング対策,2024-10-30 16:00:00,https://xtech.nikkei.com/atcl/nxt/column/18/02986/102200004/,Y,通信事業者,-
デジタル広告の不正リスクを知っていますか？ 最新事例から分析する、ブランド棄損への傾向と対策,2024-10-30 16:00:00,https://www.advertimes.com/20241030/article478809/,N,-,-
中3殺害の有罪認定に「罪深い不正」 刑法学者が指摘「冤罪の原因」,2024-10-23 16:00:00,https://www.asahi.com/articles/ASSBR1PKMSBROXIE01TM.html,N,刑法学者,-
IHI、船舶エンジン不正で再発防止策 計測の自動化など,2024-10-30 16:00:00,https://www.nikkei.com/article/DGXZQOUC304U80Q4A031C2000000/,Y,IHI,IHI
ニュース拡大鏡／JR貨物、車両検査改革 輪軸データ不正で再発防止策,2024-10-28 16:00:00,https://www.nikkan.co.jp/articles/view/00729053?gnr_footer\u003d0078769,Y,JR貨物,-
ジョージア総選挙に「不正」批判相次ぐ EUは調査要求,2024-10-28 16:00:00,https://mainichi.jp/articles/20241028/k00/00m/030/134000c,N,ジョージア,-
不正監視する東証社員にインサイダー疑惑 投資家からの信頼揺らぐ,2024-10-23 16:00:00,https://mainichi.jp/articles/20241023/k00/00m/020/304000c,Y,東証,JPX
牛肉の不正表示で指導 志布志の業者 [鹿児島県],2024-10-23 16:00:00,https://www.asahi.com/articles/ASSBQ51B3SBQTLTB008M.html,Y,志布志の業者,-
トランプの元側近、スティーブ・バノン復活。「選挙不正」陰謀論の“強力な代弁者”,2024-10-30 16:00:00,https://wired.jp/article/steve-bannon-is-out-of-prison-and-spreading-lies-online/,N,スティーブ・バノン,-
太陽光発電事業で不正集金か 会社元代表らを預託法違反容疑で逮捕,2024-10-30 16:00:00,https://mainichi.jp/articles/20241029/k00/00m/040/374000c,Y,会社元代表,-
ＪＡ熊本市 職員が約５００万円横領 顧客の定期預金不正解約,2024-10-24 16:00:00,https://www3.nhk.or.jp/lnews/kumamoto/20241024/5000023658.html,Y,ＪＡ熊本市,-
裁判所「不誠実で罪深い不正の所為」と検察を痛烈批判 中3女子殺害の再審開始決定,2024-10-23 16:00:00,https://www.sankei.com/article/20241023-GOYAA22CPFP6PIURSUJNJHWSU4/,N,裁判所,-
14歳の中学生 不正アクセス、送金しようとした疑いで逮捕 自宅の部屋から276万円を押収|事件・事故,2024-10-23 16:00:00,https://www.kobe-np.co.jp/news/jiken/202410/0018262385.shtml,N,14歳の中学生,-
さいたま市、公印使用簿作成義務づけ 市有地不正売却で再発防止策 [埼玉県],2024-10-23 16:00:00,https://www.asahi.com/articles/ASSBQ45GQSBQUTNB006M.html,N,さいたま市,-
日野自動車4~9月、最終赤字2195億円 認証不正で,2024-10-29 16:00:00,https://www.nikkei.com/article/DGXZQOUC296JK0Z21C24A0000000/,Y,日野自動車,トヨタ自動車
新米を不正販売、現金100万円を着服か JAしおのやの男性職員,2024-10-26 09:30:00,https://www.shimotsuke.co.jp/articles/-/989402?relatedarticle,Y,JAしおのや,-
「生活保護バッシング」から見えた「もれなく救う」と「不正受給を防ぐ」のジレンマ 、生活保護制度の理想と現実,2024-10-24 16:00:00,https://wedge.ismedia.jp/articles/-/35482,N,-,-
東京女子医科大学への補助金 不正経理で交付保留を決定,2024-10-24 16:00:00,https://www3.nhk.or.jp/shutoken-news/20241024/1000110321.html,Y,東京女子医科大学,-
海自、同僚隊員のクレカを不正利用しゲーム課金 ２０代の隊員を懲戒免職,2024-10-23 16:00:00,https://www.kanaloco.jp/news/government/article-1119881.html,N,海自,-
業務用システムを不正操作、自身の検査予約し費用も払わず…新潟県、県立病院職員を懲戒処分,2024-10-26 16:00:00,https://www.niigata-nippo.co.jp/articles/-/498422,N,新潟県,-
7月のシャープ「COCORO STORE」不正アクセス、クレカ情報流出の可能性は4257人,2024-10-30 16:00:00,https://japan.cnet.com/article/35225521/,Y,シャープ,シャープ
専門学校サーバー、外部からの不正アクセス被害 ウィルス感染で復旧調査つづく,2024-10-25 16:00:00,https://act1.co.jp/2024_10_25-2/,Y,専門学校,-
なぜ「情報漏洩」は繰り返されるのか？内部不正／サイバー攻撃事例から学ぶ、根絶への第一歩,2024-10-28 16:00:00,https://enterprisezine.jp/article/detail/20525,N,-,-
不正口座の情報共有 詐欺被害者の早期発見に期待 埼玉県警、県内9金融機関と協定,2024-10-23 16:00:00,https://www.tokyo-np.co.jp/article/361987,N,埼玉県警,-
新幹線「エクスプレス予約」悪用か クレカ不正利用容疑で2人逮捕,2024-10-24 16:00:00,https://mainichi.jp/articles/20241024/k00/00m/040/093000c,N,-,-
（取材考記）トヨタ不正 認証制度見直し論、誰のため 大平要,2024-10-24 16:00:00,https://www.asahi.com/articles/DA3S16067428.html,Y,トヨタ,トヨタ自動車
不正入手のクレジットカード情報利用し現金だまし取る 佐世保市の消防士の男逮捕《長崎》,2024-10-30 12:32:01,https://news.ntv.co.jp/n/nib/category/society/nife254fa86f5540c99400c59551ee932c,N,佐世保市の消防士の男,-
小糸製作所の25年3月期決算見通し、認証不正で下方修正 純利益24％減,2024-10-29 16:00:00,https://www.nikkei.com/article/DGXZQOUC296M60Z21C24A0000000/,Y,小糸製作所,-
投資ファンド不正支出、特別背任容疑で元代表取締役を逮捕…支配下のシンガポール法人に流したか,2024-10-29 16:00:00,https://www.yomiuri.co.jp/national/20241029-OYT1T50048/,Y,投資ファンド,-
ゲームフリークに不正アクセス、従業者の個人情報が漏えい,2024-10-24 16:00:00,https://scan.netsecurity.ne.jp/article/2024/10/24/51806.html,Y,ゲームフリーク,-
「キッザニア」サイトに不正アクセス 予約者の個人情報流出のおそれ,2024-10-23 16:00:00,https://www.itmedia.co.jp/news/articles/2410/23/news160.html,Y,キッザニア,-
京大「11月祭」学生ポータルに不正アクセス、データ削除される,2024-10-23 16:00:00,https://www.itmedia.co.jp/news/articles/2410/23/news168.html,Y,京大,-
大量の新幹線乗車券を「EXサービス」で不正購入した疑い 中国とベトナムの男女逮捕,2024-10-24 16:00:00,https://www.sankei.com/article/20241024-N7U3TZMUYJJUVCCNPXIKXY3GHM/,N,中国とベトナムの男女,-
鉄道車両の輪軸不正、国交省がＪＲ貨物に改善命令へ…東京メトロなどに改善指示,2024-10-30 16:00:00,https://www.yomiuri.co.jp/national/20241030-OYT1T50227/,Y,JR貨物,-
バーガーキングに不正アクセス、公式アプリのユーザー情報38件漏えいか 登録パスワードなど,2024-10-23 16:00:00,https://www.itmedia.co.jp/news/articles/2410/23/news133.html,Y,バーガーキング,-
【独自】元交際相手のカード情報で不正チャージか 佐世保市消防職員逮捕 警視庁,2024-10-29 16:00:00,https://www.ncctv.co.jp/news/article/15487097,N,佐世保市消防職員,-
トヨタの4〜9月世界生産、4年ぶり減 認証不正響く,2024-10-30 16:00:00,https://www.nikkei.com/article/DGXZQOFD295CT0Z21C24A0000000/,Y,トヨタ,トヨタ自動車
ジョージアEU加盟の夢、実現遠のく（社説）,2024-10-30 16:00:00,https://www.nikkei.com/prime/ft/article/DGXZQOCB290TU0Z21C24A0000000,N,ジョージア,-
7月のシャープへの不正侵入、4千人超のカード情報が流出,2024-10-30 16:00:00,https://pc.watch.impress.co.jp/docs/news/1635551.html,Y,シャープ,シャープ
日野自２２００億円赤字へ 認証不正で過去最大 ９月中間は２１９５億円｜経済｜全国のニュース,2024-10-30 05:00:00,https://www.hokkoku.co.jp/articles/-/1561743,Y,日野自,トヨタ自動車
日野自動車が過去最大の赤字転落、エンジン認証不正のツケで特損2300億円［新聞ウォッチ］,2024-10-30 16:00:00,https://response.jp/article/2024/10/30/387939.html,Y,日野自動車,トヨタ自動車
実態より約4兆円過大の年も。国への信頼が揺るぎかねない統計不正問題,2024-10-25 16:00:00,https://cdp-japan.jp/article/20241025_8433,N,統計,-
偽サイトに入力カード情報悪用 新幹線チケット不正発券相次ぐ,2024-10-25 16:00:00,https://www3.nhk.or.jp/kansai-news/20241025/2000088562.html,N,-,-
投資ファンド元代表を逮捕 架空業務委託で不正送金か―特別背任容疑など・東京地検,2024-10-29 16:00:00,https://www.jiji.com/jc/article?k\u003d2024102900515\u0026g\u003dsoc,Y,投資ファンド,-
［ルヴァン杯・アルビレックス新潟］Ｊリーグが決勝チケット不正転売の禁止呼び掛け 入場断る場合も,2024-10-30 16:00:00,https://www.niigata-nippo.co.jp/articles/-/500486,Y,Ｊリーグ,-
スキマバイト「メルカリ ハロ」本格始動--「闇バイト」など不正利用対策にも言及,2024-10-23 16:00:00,https://japan.cnet.com/article/35225243/,Y,メルカリ ハロ,-
新幹線券を不正購入疑い 他人クレカ使用、男女逮捕：ニュース,2024-10-24 16:00:00,https://biz.chunichi.co.jp/news/article/10/92664/,N,-,-
辞任の検察トップ、徴兵不正か ウクライナ、戦争犯罪捜査を主導,2024-10-23 16:00:00,https://www.tokyo-np.co.jp/article/361952,N,-,-
【京都大学】学生ポータルサイトで不正アクセス被害 個人情報が削除,2024-10-28 16:00:00,https://act1.co.jp/2024_10_28-1/,Y,京都大学,-
国内自動車8社の生産台数6％減 認証不正問題、中国市場での苦戦,2024-10-30 16:00:00,https://www.nippon.com/ja/news/kd1224277588304691646/,Y,国内自動車8社,-
トヨタ自動車 上半期の世界生産台数が7.0%減 認証不正の影響など響く,2024-10-30 16:00:00,https://newsdig.tbs.co.jp/articles/-/1520823,Y,トヨタ自動車,トヨタ自動車
維新の会の不祥事、スキャンダルが「あまりにひどい！」と怒りの声があがっています。,2024-10-22 16:00:00,https://www.komei.or.jp/km/katayama-tatsumi-tajimi/2024/10/22/%E7%B6%AD%E6%96%B0%E3%81%AE%E4%BC%9A%E3%81%AE%E4%B8%8D%E7%A5%A5%E4%BA%8B%E3%80%81%E3%82%B9%E3%82%AD%E3%83%A3%E3%83%B3%E3%83%80%E3%83%AB%E3%81%8C%E3%80%8C%E3%81%82%E3%81%BE%E3%82%8A%E3%81%AB%E3%81%B2/,N,維新の会,-
不祥事相次ぎ副知事が訓示 愛媛県庁,2024-10-21 16:00:00,https://www3.nhk.or.jp/matsuyama-news/20241021/8000019649.html,N,愛媛県庁,-
［社説］政治資金の不祥事と決別する道筋を示せ 衆議院選挙2024,2024-10-16 16:00:00,https://www.nikkei.com/article/DGXZQODK166VE0W4A011C2000000/,N,-,-
盗撮や飲酒運転 愛媛県職員で相次ぐ不祥事 副知事が訓示「全職場挙げ公務員の自覚を」【愛媛】,2024-10-21 16:00:00,https://www.fnn.jp/articles/-/775336,N,-,-
新潟5区“不祥事”揺れる一騎打ち 高市vs野田“大物投入”のワケ,2024-10-16 16:00:00,https://news.tv-asahi.co.jp/news_politics/articles/000378370.html,N,新潟5区,-
またも県職員の不祥事 博物館勤務の50代男性職員が飲酒運転し物損事故,2024-10-20 16:00:00,https://news.ntv.co.jp/n/rnb/category/society/rbb3de211d15874ca28e1b58b0ceb6d6f5,N,-,-
八十二銀、業務提携先からの出向者が個人情報を漏洩,2024-10-16 16:00:00,https://www.nikkinonline.com/article/222923,Y,八十二銀,-
「もうテレビで見たくない」“不祥事芸人”ランキング……3位斉藤、2位渡部を抑えた大不評の圧倒的1位は？（2ページ目）,2024-10-19 16:00:00,https://jisin.jp/entertainment/entertainment-news/2384320/2/,N,不祥事芸人,-
東証社員がインサイダー疑い、改革要請の中で表面化－ＪＰＸ株は下落,2024-10-23 16:00:00,https://www.bloomberg.co.jp/news/articles/2024-10-23/SLSABUT0AFB400,Y,東証,JPX
見たくない不祥事芸人 圧倒的1位は,2024-10-19 16:00:00,https://news.goo.ne.jp/topstories/entertainment/goo/ed758422f6c636a7b5bdf4f8e9c4d679.html,N,-,-
「精神的に不安定だった」女性のスカートの中を盗撮 消防士長を懲戒免職【熊本】,2024-10-18 16:00:00,https://www.tku.co.jp/news/?news_id\u003d20241018-00000004,N,-,-
【民意のいま 2024とちぎ衆院選】繰り返される政治家不祥事 政治不信深刻 投票で意思表示を「他人任せではいけない」,2024-10-22 16:00:00,https://www.shimotsuke.co.jp/articles/-/986852,N,-,-
「不祥事あったので離党したい」当時自民会派の滋賀県議 政務活動費約580万円詐取の罪で在宅起訴 | 特集 | ニュース,2024-10-21 15:05:04,https://www.ktv.jp/news/feature/241018-shigakengi/,N,-,-
LINEヤフー、度重なる不祥事で基軸事業の先行きに不透明感,2024-10-17 16:00:00,https://business.nikkei.com/atcl/gen/19/00081/082800694/,Y,LINEヤフー,-
2024 10月 22,2024-10-22 07:07:30,http://www.komei.or.jp/km/katayama-tatsumi-tajimi/2024/10/22/,N,-,-
「短期間でこんなに?!」31歳の不祥事俳優 肉体改造の“金髪激変姿”にネット衝撃,2024-10-17 16:00:00,https://jisin.jp/entertainment/entertainment-news/2383231/,N,-,-
美容師に依頼し、後輩の後頭部に「ギザギザ線と丸模様」こっそり入れさせる 京都府警で珍不祥事…法的責任は？,2024-10-18 16:00:00,https://www.bengo4.com/c_1009/n_18042/,N,京都府警,-
［２４衆院選 現場から］小沢一郎氏「最後の戦い」、自民・藤原崇氏「三つの不祥事」で逆風…岩手３区,2024-10-21 16:00:00,https://www.yomiuri.co.jp/election/shugiin/20241020-OYT1T50114/,N,自民・藤原崇,-
男児にわいせつ行為…21年前の事実で埼玉県教育局の女性幹部を懲戒免職 今年「やはりおかしい」と被害申告,2024-10-17 16:00:00,https://www.tokyo-np.co.jp/article/360926,N,埼玉県教育局の女性幹部,-
“やらかしに甘い”芸能界が様変わり…不祥事を一度起こすと、元に戻るのが難しい世界に｜芸能界ぶっちゃけトーク,2024-10-19 16:00:00,https://www.nikkan-gendai.com/articles/view/geino/362172,N,芸能界,-
県内の最新ニュース,2024-10-16 16:00:00,https://www.ebc.co.jp/news/data/?sn\u003dEBC2024101618177,N,-,-
「見たくない」不祥事芸人ランク,2024-10-19 16:00:00,https://news.biglobe.ne.jp/topics/entertainment/1019/53706.html,N,-,-
手越祐也『イッテQ！』復帰で掘り返された不祥事の歴史,2024-10-19 16:00:00,https://news.goo.ne.jp/iw/260794/%E6%89%8B%E8%B6%8A%E7%A5%90%E4%B9%9F%E3%80%8E%E3%82%A4%E3%83%83%E3%83%86Q%EF%BC%81%E3%80%8F%E5%BE%A9%E5%B8%B0%E3%81%A7%E6%8E%98%E3%82%8A%E8%BF%94%E3%81%95%E3%82%8C%E3%81%9F%E4%B8%8D%E7%A5%A5%E4%BA%8B%E3%81%AE%E6%AD%B4%E5%8F%B2,N,手越祐也,-
永野が結婚10年後の公表語る「僕の狙い通り、翌週芸能人が不祥事続いて流れました」,2024-10-23 16:00:00,https://www.nikkansports.com/entertainment/news/202410230000740.html,N,永野,-
「不祥事があったので離党したい」自民離党の議員 『580万円超』の政務活動費だまし取った罪で在宅起訴,2024-10-18 14:04:00,https://topics.smt.docomo.ne.jp/article/ktv_news/region/ktv_news-15468,N,自民離党の議員,-
「不祥事を起こした日本の社長か！」元日本代表GKに止められた外国人FWの『謝罪文』が話題に,2024-10-20 16:00:00,https://news.goo.ne.jp/article/qoly/sports/qoly-4lydiq1v-hys-1.html,N,-,-
【ＤｅＮＡ】防御率１点台・石川達也の戦力外通告が波紋 「素行不良や不祥事」説を本人は否定,2024-10-22 16:00:00,https://www.tokyo-sports.co.jp/articles/-/321114,Y,DeNA,DeNA
「メジャー挑戦？」DeNA石川達也がまさかの“戦力外通告”で『素行不良や不祥事』と憶測飛び交うも…本人が即否定！ネット上では反響止まず | THE DIGEST,2024-10-22 16:00:00,https://thedigestweb.com/baseball/detail/id\u003d87557,Y,DeNA,DeNA
“やらかしに甘い”芸能界が様変わり…不祥事を一度起こすと、元に戻るのが難しい世界に（城下尊之／芸能ジャーナリスト）,2024-10-19 16:00:00,https://article.auone.jp/detail/1/5/9/276_9_r_20241019_1729287522875818,N,芸能界,-
「もうテレビで見たくない」“不祥事芸人”ランキング……3位斉藤、2位渡部を抑えた大不評の圧倒的1位は？,2024-10-19 16:00:00,https://jisin.jp/entertainment/entertainment-news/2384320/image/4/,N,不祥事芸人,-
藤本敏史、１年前の不祥事直前の収録だった「あちこちオードリー」 １年ぶり出演で涙「編集とかも大変やろなと」,2024-10-16 16:00:00,https://www.yomiuri.co.jp/culture/hochi/20241016064-OHT1T51226/,N,藤本敏史,-
見知らぬ女性に3000万円送金した父に子ら絶句…元商社勤務の70代男性が起こした人生最大の“不祥事”(1/2),2024-10-17 16:00:00,https://media.finasee.jp/articles/-/14418,N,元商社勤務の70代男性,-
「不祥事を起こした日本の社長か！」元日本代表GKに止められたブラジル人FWの『謝罪文』が話題に,2024-10-21 00:26:04,https://www.msn.com/ja-jp/sports/other/%E4%B8%8D%E7%A5%A5%E4%BA%8B%E3%82%92%E8%B5%B7%E3%81%93%E3%81%97%E3%81%9F%E6%97%A5%E6%9C%AC%E3%81%AE%E7%A4%BE%E9%95%B7%E3%81%8B-%E5%85%83%E6%97%A5%E6%9C%AC%E4%BB%A3%E8%A1%A8gk%E3%81%AB%E6%AD%A2%E3%82%81%E3%82%89%E3%82%8C%E3%81%9F%E3%83%96%E3%83%A9%E3%82%B8%E3%83%AB%E4%BA%BAfw%E3%81%AE-%E8%AC%9D%E7%BD%AA%E6%96%87-%E3%81%8C%E8%A9%B1%E9%A1%8C%E3%81%AB/ar-AA1szVCQ,N,-,-
「不祥事を起こした日本の社長か！」元日本代表GKに止められたブラジル人FWの『謝罪文』が話題に,2024-10-20 20:12:12,http://www.msn.com/ja-jp/sports/other/%E4%B8%8D%E7%A5%A5%E4%BA%8B%E3%82%92%E8%B5%B7%E3%81%93%E3%81%97%E3%81%9F%E6%97%A5%E6%9C%AC%E3%81%AE%E7%A4%BE%E9%95%B7%E3%81%8B-%E5%85%83%E6%97%A5%E6%9C%AC%E4%BB%A3%E8%A1%A8gk%E3%81%AB%E6%AD%A2%E3%82%81%E3%82%89%E3%82%8C%E3%81%9F%E3%83%96%E3%83%A9%E3%82%B8%E3%83%AB%E4%BA%BAfw%E3%81%AE-%E8%AC%9D%E7%BD%AA%E6%96%87-%E3%81%8C%E8%A9%B1%E9%A1%8C%E3%81%AB/ar-AA1szVCQ?apiversion\u003dv2\u0026noservercache\u003d1\u0026domshim\u003d1\u0026renderwebcomponents\u003d1\u0026wcseo\u003d1\u0026batchservertelemetry\u003d1\u0026noservertelemetry\u003d1,N,-,-
写真ニュース(1/1): 「もうテレビで見たくない」“不祥事芸人”ランキング……3位斉藤、2位渡部を抑えた大不評の圧倒的1位は？,2024-10-19 16:00:00,https://news.biglobe.ne.jp/entertainment/1019/6345959890/joj_joj_20241019060808_1_jpg.html,N,-,-
戦力外のDeNA石川 臆測を否定,2024-10-22 16:00:00,https://article.auone.jp/detail/1/6/10/355_10_r_20241022_1729575513108356,Y,DeNA,DeNA
「不祥事があったので離党したい」自民離党の議員 『580万円超』の政務活動費だまし取った罪で在宅起訴,2024-10-18 14:13:00,https://article.auone.jp/detail/1/2/5/250_5_r_20241018_1729228711992508,N,自民離党の議員,-
【ＤｅＮＡ】防御率１点台・石川達也の戦力外通告が波紋 「素行不良や不祥事」説を本人は否定,2024-10-22 16:00:00,https://article.auone.jp/detail/1/6/12/248_12_r_20241022_1729585821917798,Y,DeNA,DeNA
患者死亡でアイドルとの結婚が延期となった韓国タレント医師、 過去の不祥事を職員が暴露,2024-10-17 16:00:00,http://www.msn.com/ja-jp/news/national/%E6%82%A3%E8%80%85%E6%AD%BB%E4%BA%A1%E3%81%A7%E3%82%A2%E3%82%A4%E3%83%89%E3%83%AB%E3%81%A8%E3%81%AE%E7%B5%90%E5%A9%9A%E3%81%8C%E5%BB%B6%E6%9C%9F%E3%81%A8%E3%81%AA%E3%81%A3%E3%81%9F%E9%9F%93%E5%9B%BD%E3%82%BF%E3%83%AC%E3%83%B3%E3%83%88%E5%8C%BB%E5%B8%AB-%E9%81%8E%E5%8E%BB%E3%81%AE%E4%B8%8D%E7%A5%A5%E4%BA%8B%E3%82%92%E8%81%B7%E5%93%A1%E3%81%8C%E6%9A%B4%E9%9C%B2/ar-AA1stnzA?apiversion\u003dv2\u0026noservercache\u003d1\u0026domshim\u003d1\u0026renderwebcomponents\u003d1\u0026wcseo\u003d1\u0026batchservertelemetry\u003d1\u0026noservertelemetry\u003d1,N,韓国タレント医師,-
DeNA石川達也がまさかの“戦力外通告”で「素行不良や不祥事…」と憶測飛び交うも「全く違います」と即否定！ネット上では反響止まず「メジャー挑戦？」,2024-10-22 16:00:00,https://www.msn.com/ja-jp/news/entertainment/dena%E7%9F%B3%E5%B7%9D%E9%81%94%E4%B9%9F%E3%81%8C%E3%81%BE%E3%81%95%E3%81%8B%E3%81%AE-%E6%88%A6%E5%8A%9B%E5%A4%96%E9%80%9A%E5%91%8A-%E3%81%A7-%E7%B4%A0%E8%A1%8C%E4%B8%8D%E8%89%AF%E3%82%84%E4%B8%8D%E7%A5%A5%E4%BA%8B-%E3%81%A8%E6%86%B6%E6%B8%AC%E9%A3%9B%E3%81%B3%E4%BA%A4%E3%81%86%E3%82%82-%E5%85%A8%E3%81%8F%E9%81%95%E3%81%84%E3%81%BE%E3%81%99-%E3%81%A8%E5%8D%B3%E5%90%A6%E5%AE%9A-%E3%83%8D%E3%83%83%E3%83%88%E4%B8%8A%E3%81%A7%E3%81%AF%E5%8F%8D%E9%9F%BF%E6%AD%A2%E3%81%BE%E3%81%9A-%E3%83%A1%E3%82%B8%E3%83%A3%E3%83%BC%E6%8C%91%E6%88%A6/ar-AA1sGF3U,Y,DeNA,DeNA
未成年飲酒、泥酔キス写真流出…手越祐也『イッテQ！』復帰で掘り返された不祥事の歴史,2024-10-21 16:00:00,https://news.nifty.com/topics/12311/241016793251/,N,手越祐也,-
「もうテレビで見たくない」“不祥事芸人”ランキング……3位斉藤、2位渡部を抑えた大不評の圧倒的1位は？,2024-10-20 16:00:00,https://news.nifty.com/article/entame/showbizd/12268-3485701/,N,不祥事芸人,-
未成年飲酒、泥酔キス写真流出…手越祐也『イッテQ！』復帰で掘り返された不祥事の歴史,2024-10-21 16:00:00,https://news.nifty.com/article/entame/showbizd/12311-3472943/,N,手越祐也,-
アンジャ児嶋が“ジャンポケに伝えた言葉”が重い…「相方の不祥事」こそ芸人の真価が問われる理由,2024-10-20 16:00:00,https://joshi-spa.jp/1327165,N,アンジャ児嶋,-
31歳の不祥事俳優・高畑裕太の「肉体改造」に衝撃 16年8月に女性への性的暴行で逮捕,2024-10-17 16:00:00,https://news.nifty.com/topics/12268/241017793448/,N,高畑裕太,-
「もうテレビで見たくない」不祥事芸能人ランキング、1位はフワちゃん (2024年10月19日掲載),2024-10-19 16:00:00,https://news.livedoor.com/topics/detail/27396237/,N,フワちゃん,-
ブックオフ 不正疑いで特別委が調査結果 影響額は計8100万円に | NHK,2024-10-16 16:00:00,https://www3.nhk.or.jp/news/html/20241016/k10014610451000.html,Y,ブックオフ,-
企業不正、再び増加 内部通報の機能不全が明らかに,2024-10-18 16:00:00,https://www.nikkei.com/article/DGXZQOTG047NT0U4A001C2000000/,Y,-,-
（社説）鉄道輪軸不正 安全確保への背信だ,2024-10-22 16:00:00,https://www.asahi.com/articles/DA3S16064596.html,N,-,-
最新版「建設現場における情報セキュリティガイドライン」に見る不正アクセスの解決策とは？｜BLOG,2024-10-18 16:00:00,https://www.cybertrust.co.jp/blog/certificate-authority/client-authentication/security-guidelines-construction-sites.html,N,-,-
東南アジアで展開している食品EC「Agro MJ」がクレカ不正対策に「O-PLUX」を導入,2024-10-23 16:00:00,https://prtimes.jp/main/html/rd/p/000000152.000009799.html,Y,Agro MJ,-
組織不正は｢正しいつもり｣から生まれる理由 不正に無関心な人が関わることで広がる悪影響,2024-10-17 16:00:00,https://toyokeizai.net/articles/-/830950?display\u003db,N,-,-
「不正軽油」摘発へ全国抜き打ち調査 脱税や環境汚染につながる罰則行為に【長崎】｜ニュース,2024-10-16 16:00:00,https://www.ktn.co.jp/news/detail.php?id\u003d20241016011,N,-,-
ドラマブレイク 善徳女王 ＃３４「不正」,2024-10-18 16:00:00,https://www.tv-tokyo.co.jp/sondoku/lineup/202410/28223_202410180815.html,N,-,-
【学内限定】令和6年度研究不正防止Week,2024-10-22 16:00:00,https://www.hirosaki-u.ac.jp/events/98193/,N,-,-
アングル：米大統領選、トランプ氏の敗北受け入れ拒否で混乱も,2024-10-17 16:00:00,https://jp.reuters.com/world/us/3CFBZAVP6FIDVJGMH57L5TNVGU-2024-10-17/,N,トランプ氏,-
IT導入補助金で不正受給横行 “実質無料”営業で資金環流 | NHK,2024-10-21 16:00:00,https://www3.nhk.or.jp/news/html/20241021/k10014615211000.html,Y,-,-
三菱電機､｢言ったもん負け」やめる 不正根絶へ風土変革,2024-10-16 16:00:00,https://www.nikkei.com/article/DGXZQOUC1120I0R11C24A0000000/,Y,三菱電機,三菱電機
アドフラウド対策ツールSpider AFにて、不正カテゴリーに「MFAサイト」が追加,2024-10-18 16:00:00,https://prtimes.jp/main/html/rd/p/000000149.000031981.html,Y,Spider AF,-
野村証券 国債取引不正で取り引き見合わせる企業の動きも | NHK | 金融,2024-10-18 16:00:00,https://www3.nhk.or.jp/news/html/20241018/k10014613301000.html,Y,野村証券,野村ホールディングス
IT導入補助金、1億円超不正受給 検査院が還流を指摘,2024-10-21 16:00:00,https://www.nikkei.com/article/DGXZQOUE201B10Q4A021C2000000/,Y,-,-
JR貨物 車軸取り付け作業不正 “改ざん防止でシステム改修へ”,2024-10-17 16:00:00,https://www3.nhk.or.jp/news/html/20241017/k10014612121000.html,Y,JR貨物,-
SwiftがAIを活用した不正検知機能を提供へ、リアルタイムで疑わしい取引を特定,2024-10-17 16:00:00,https://xtech.nikkei.com/atcl/nft/column/051100005/101700867/,Y,Swift,-
八十二銀行 出向社員が顧客情報１０万人分を出向元に不正送信,2024-10-17 16:00:00,https://www3.nhk.or.jp/lnews/nagano/20241017/1010032514.html,Y,八十二銀行,八十二銀行
インサイダー取引疑いの裁判官 出向直後から不正な株売買か | NHK | 金融庁,2024-10-20 16:00:00,https://www3.nhk.or.jp/news/html/20241020/k10014614391000.html,N,-,-
秋田大医学部附属病院の看護師 患者クレカ不正使用で懲戒解雇,2024-10-23 16:00:00,https://www3.nhk.or.jp/lnews/akita/20241023/6010022662.html,N,秋田大医学部附属病院,-
対策強化の陰で国税「完敗」も 消費税不正、過去最高577億円追徴,2024-10-23 16:00:00,https://www.asahi.com/articles/ASSBP15QZSBPUTIL02FM.html,N,-,-
車輪・車軸組み立て不正 検証へ - NHK NEWS おはよう日本,2024-10-22 16:00:00,https://www.nhk.jp/p/ohayou/ts/QLP4RZ8ZY3/blog/bl/pDodEAXj7Y/bp/pj69wPvD7b/,N,-,-
ニュース「タリーズオンラインへの不正アクセス、クレジットカード情報含む9万人超の個人情報流出か」,2024-10-16 16:00:00,https://www.corporate-legal.jp/news/5872,Y,タリーズオンライン,-
ChillStack、不正経費自動検知クラウド「Stena Expense」のブランドロゴとサービスサイトをリニューアル,2024-10-22 16:00:00,https://prtimes.jp/main/html/rd/p/000000043.000046548.html,Y,ChillStack,-
【南魚沼・魚沼・十日町】全国一斉路上軽油抜取調査を実施しました,2024-10-22 16:00:00,https://www.pref.niigata.lg.jp/sec/minamiuonuma_kenzei/0700425.html,N,-,-
IT導入補助金で不正受給1.4億円 キックバックなど会計検査院が指摘,2024-10-22 16:00:00,https://smbiz.asahi.com/article/15475523,Y,-,-
中小企業へのIT導入支援 補助金不正受給1.4億円 検査院指摘,2024-10-21 16:00:00,https://mainichi.jp/articles/20241021/k00/00m/040/145000c,N,-,-
インサイダー疑惑の裁判官、金融庁出向直後から不正な株取引か…ＴＯＢ情報入手できる立場を悪用,2024-10-20 16:00:00,https://www.yomiuri.co.jp/national/20241019-OYT1T50207/,N,裁判官,-
不祥事は見逃されず,2024-10-09 16:00:00,https://project.nikkeibp.co.jp/ESG/atcl/column/00028/100200005/,N,-,-
県警一連の不祥事受け 「百条委」設置求める決議案は否決,2024-10-09 16:00:00,https://www3.nhk.or.jp/lnews/kagoshima/20241009/5050028596.html,N,県警,-
維新議員の相次ぐ不祥事 馬場代表「“身体検査”できない世上」,2024-10-12 16:00:00,https://mainichi.jp/articles/20241012/k00/00m/010/153000c,N,維新議員,-
［社説］政治資金の不祥事と決別する道筋を示せ 衆議院選挙2024,2024-10-16 16:00:00,https://www.nikkei.com/article/DGXZQODK166VE0W4A011C2000000/,N,-,-
衆議院選挙:不祥事・失言・不記載…衆院選に向けて立候補予定者はおわび行脚、問題に触れない陣営も,2024-10-12 16:00:00,https://www.yomiuri.co.jp/election/shugiin/20241012-OYT1T50086/,N,-,-
コンプライアンス意識向上も、不正リスクの把握・評価・対応が不十分―デロイト トーマツ「企業不正リスク調査」,2024-10-15 16:00:00,https://it.impress.co.jp/articles/-/26956,Y,デロイト トーマツ,-
〈詳報〉鹿児島県議会、県警の不祥事巡る百条委設置決議案を否決 自民や公明などが反対 「警察活動への議論は真摯に受け止める」と県警本部長,2024-10-10 16:00:00,https://373news.com/_news/storyid/202491/,N,鹿児島県警,-
デロイト トーマツ調査、企業のコンプライアンス意識は高まるが不正発生は50％で横ばい、1社あたりの不正発生率が上昇,2024-10-09 16:00:00,https://www2.deloitte.com/jp/ja/pages/about-deloitte/articles/news-releases/nr20241009.html,Y,デロイト トーマツ,-
安全への信頼築けるか 不祥事続発、厳しい視線【迫る再稼働 島根原発2号機 13年ぶり運転へ】㊦コンプライアンス,2024-10-09 16:00:00,https://www.chugoku-np.co.jp/articles/-/539224,N,島根原発,-
新潟5区“不祥事”揺れる一騎打ち 高市vs野田“大物投入”のワケ,2024-10-16 16:00:00,https://news.tv-asahi.co.jp/news_politics/articles/000378370.html,N,新潟5区,-
【衆院選･新潟5区】不祥事に揺れる2人の一騎打ちか… 『日本酒配布問題』の立憲･梅谷氏と『不記載問題』の自民･高鳥氏,2024-10-13 16:00:00,https://www.fnn.jp/articles/-/771418,N,立憲,-
不同意わいせつ傷害罪で有罪判決 県立高校男性教諭を懲戒免職,2024-10-10 16:00:00,https://www3.nhk.or.jp/lnews/yamaguchi/20241010/4060021424.html,N,県立高校男性教諭,-
鹿児島県警不祥事巡る「百条委員会」設置せず…県議会が決議案否決、記名投票で採決：地域ニュース,2024-10-10 16:00:00,https://www.yomiuri.co.jp/local/kyushu/news/20241010-OYTNT50073/,N,鹿児島県警,-
セクハラや体罰 男性教諭３人を減給処分 鹿児島県教委,2024-10-10 16:00:00,https://www3.nhk.or.jp/lnews/kagoshima/20241010/5050028608.html,N,鹿児島県教委,-
八十二銀、業務提携先からの出向者が個人情報を漏洩,2024-10-16 16:00:00,https://www.nikkinonline.com/article/222923,Y,八十二銀,-
【衆院選・新潟5区】与野党一騎打ちも不祥事への説明は…格差是正・人口減少対策など掲げる立憲・前職／地域・国の未来について論戦を自民・前職,2024-10-15 16:00:00,https://www.fnn.jp/articles/-/773055,N,立憲,-
ストーカー行為や副業の禁止違反で職員2人を処分、四日市市,2024-10-10 16:00:00,https://www.you-yokkaichi.com/2024/10/10/34981/,N,四日市市,-
【藤田菜七子騎手引退】揺らぐ競馬への信頼〝痛恨の教訓〟を生かさねば… スマホ不適切使用と現代社会の狭間で,2024-10-12 16:00:00,https://tospo-keiba.jp/breaking_news/50326,N,藤田菜七子,-
「経験者にしか語れない」“相方不祥事”芸人がジャンポケの2人に送った“激励メッセージ”に称賛集まる「泣ける」,2024-10-09 16:00:00,https://jisin.jp/entertainment/entertainment-news/2379997/,N,-,-
｢性加害疑い｣ジャンポケ斉藤に欠落していた視点 いっときの快楽で､キャリアは容易に崩れてしまう,2024-10-09 16:00:00,https://toyokeizai.net/articles/-/832506?display\u003db,N,ジャンポケ斉藤,-
【1人賛否】粗品、ジャンポケ斉藤の不祥事に言及「不倫は普通にキショいなぁ！嫌悪感抱くわ」,2024-10-14 16:00:00,https://www.sponichi.co.jp/entertainment/news/2024/10/14/kiji/20241014s00041000286000c.html,N,ジャンポケ斉藤,-
鹿児島県警不祥事で「百条委」設置の決議案否決,2024-10-09 16:00:00,https://www.sankei.com/article/20241009-X7QU3CIB2ZJBVFPVK4SZTSIYXQ/,N,鹿児島県警,-
不祥事の反省もウソか「泣け！って自分に言い聞かせた」,2024-10-12 16:00:00,https://news.goo.ne.jp/iw/260527/%E4%B8%8D%E7%A5%A5%E4%BA%8B%E3%81%AE%E5%8F%8D%E7%9C%81%E3%82%82%E3%82%A6%E3%82%BD%E3%81%8B%E3%80%8C%E6%B3%A3%E3%81%91%EF%BC%81%E3%81%A3%E3%81%A6%E8%87%AA%E5%88%86%E3%81%AB%E8%A8%80%E3%81%84%E8%81%9E%E3%81%8B%E3%81%9B%E3%81%9F%E3%80%8D,N,-,-
タイミー、UUUM上場の立役者・ベンチャー投資最大手「ジャフコ」で“悪質セクハラ”が発覚 「キスや不貞行為を迫られ」「やらせてやってよ、と」被害女性が悲痛告発,2024-10-11 16:00:00,https://bunshun.jp/articles/-/74036,Y,ジャフコ,-
県内の最新ニュース,2024-10-16 16:00:00,https://www.ebc.co.jp/news/data/?sn\u003dEBC2024101618177,N,-,-
財務省、野村証券の「特別参加者」資格停止 国債取引の相場操縦で,2024-10-11 16:00:00,https://www.nikkinonline.com/article/222051,Y,野村証券,-
繰り返される不祥事に審判、「今後も変わらない」と諦めも ＜衆院選の争点・政治倫理＞,2024-10-15 16:00:00,https://www.sankei.com/article/20241015-VHPFYE4H7FKSBLEPTLC77TUGLA/,N,-,-
【独自】元ジャングルポケット斉藤慎二、年収を大きく上回る“良くない筋”からの借金とぶり返された過去の投資トラブル疑惑,2024-10-14 16:00:00,https://www.jprime.jp/articles/-/33827?display\u003db,N,元ジャングルポケット斉藤慎二,-
鹿児島県警の不祥事巡る百条委決議案を否決 自民、公明など反対 県議会最終本会議,2024-10-09 16:00:00,https://www.47news.jp/11600994.html,N,鹿児島県警,-
おかしくない？ 県警の〝お目付け役〟を県警が推薦…不祥事続きの鹿児島で、県議が投じた疑義に知事が応えた「公安委員の候補者選びに主体的関与」,2024-10-12 16:00:00,https://www.47news.jp/11613223.html,N,鹿児島,-
モグライダーが“不祥事フルコース”の解散ドッキリ！ 『鬼のドッキリで涙』第4話配信開始,2024-10-11 16:00:00,https://realsound.jp/movie/2024/10/post-1807260.html,N,モグライダー,-
調整ルームの通信抑止装置導入に「検討の対象」相次ぐスマホ持ち込み不祥事を受けてＪＲＡ公正室長が見解,2024-10-09 16:00:00,https://umatoku.hochi.co.jp/articles/20241009-OHT1T51174.html,N,-,-
「やっぱかわいい」ユンソナ48歳、12年ぶり日テレ復帰が沸騰 手越祐也、渡部建、宮迫博之…不祥事タレント復活ブームの背景,2024-10-10 16:00:00,https://pinzuba.news/articles/-/8477,N,ユンソナ,-
「経費で世界一周旅行か…」 不祥事で辞任の元NHK理事が再雇用されていた（2ページ目）,2024-10-14 16:00:00,https://www.dailyshincho.jp/article/2024/10140556/?all\u003d1\u0026page\u003d2,N,元NHK理事,-
ダウンタウン松本人志「文春裁判継続」年内復帰絶望的で…不祥事タレント再生工場は「くりぃむしちゅー・千鳥・佐久間P」に完全移行｜ニュース,2024-10-14 16:00:00,https://pinzuba.news/articles/-/8482,N,ダウンタウン松本人志,-
(2ページ目) 手越祐也、“不倫・クスリ・警察沙汰”ナシ1604日ぶり『イッテQ』復帰は「必然」 ジャンポケ斉藤、渡部建、宮迫博之とは大違いなワケ｜ニュース,2024-10-13 16:00:00,https://pinzuba.news/articles/-/8494?page\u003d2,N,手越祐也,-
「経費で世界一周旅行か…」 不祥事で辞任の元NHK理事が再雇用されていた,2024-10-14 16:00:00,https://www.dailyshincho.jp/article/2024/10140556/,N,元NHK理事,-
藤本敏史、１年前の不祥事直前の収録だった「あちこちオードリー」 １年ぶり出演で涙「編集とかも大変やろなと」,2024-10-16 16:00:00,https://www.yomiuri.co.jp/culture/hochi/20241016064-OHT1T51226/,N,藤本敏史,-
「怖すぎて震える」「アンチやりすぎ」人気韓流アイドル 不祥事→復帰に激怒したファンが事務所前に大量の“葬式花”を送りつけ…異様現場に批判殺到,2024-10-15 16:00:00,https://news.goo.ne.jp/picture/entertainment/jisin-https_jisin.jp_p_2381971.html,N,人気韓流アイドル,-
ex JAYWALK中村耕一、過去の不祥事を謝罪「多くの人に迷惑かけてしまって」 隠し事なしを宣言,2024-10-11 16:00:00,https://news.goo.ne.jp/article/encount/entertainment/encount-689594.html,N,中村耕一,-
【衆院選】不祥事に揺れる“新潟5区” 日本酒配布問題の立憲・梅谷氏と不記載問題の自民・高鳥氏の一騎打ち,2024-10-11 16:00:00,https://news.goo.ne.jp/article/nsttv/region/nsttv-23304.html,N,立憲,-
「経験者にしか語れない」“相方不祥事”芸人がジャンポケの2人に送った“激励メッセージ”に称賛集まる「泣ける」,2024-10-09 16:00:00,https://news.goo.ne.jp/picture/entertainment/jisin-https_jisin.jp_p_2379997.html,N,-,-
「やっぱかわいい」ユンソナ48歳、12年ぶり日テレ復帰が沸騰 手越祐也、渡部建、宮迫博之…不祥事タレント復活ブームの背景,2024-10-10 16:00:00,https://pinzuba.news/articles/-/8477?page\u003d2,N,ユンソナ,-
(2ページ目) ダウンタウン松本人志「文春裁判継続」年内復帰絶望的で…不祥事タレント再生工場は「くりぃむしちゅー・千鳥・佐久間P」に完全移行｜ニュース,2024-10-14 16:00:00,https://pinzuba.news/articles/-/8482?page\u003d2,N,ダウンタウン松本人志,-
中村耕一「不祥事を起こしてから一切、隠し事をなくそうと決めた」ｅｘ ＪＡＹＷＡＬＫ,2024-10-11 16:00:00,https://www.msn.com/ja-jp/news/entertainment/%E4%B8%AD%E6%9D%91%E8%80%95%E4%B8%80-%E4%B8%8D%E7%A5%A5%E4%BA%8B%E3%82%92%E8%B5%B7%E3%81%93%E3%81%97%E3%81%A6%E3%81%8B%E3%82%89%E4%B8%80%E5%88%87-%E9%9A%A0%E3%81%97%E4%BA%8B%E3%82%92%E3%81%AA%E3%81%8F%E3%81%9D%E3%81%86%E3%81%A8%E6%B1%BA%E3%82%81%E3%81%9F-%EF%BD%85%EF%BD%98-%EF%BD%8A%EF%BD%81%EF%BD%99%EF%BD%97%EF%BD%81%EF%BD%8C%EF%BD%8B/ar-AA1s4D8q,N,中村耕一,-
「やっぱかわいい」ユンソナ48歳、12年ぶり日テレ復帰が沸騰 手越、渡部…不祥事タレント復活ブームの背景,2024-10-09 16:00:00,https://www.msn.com/ja-jp/news/entertainment/%E3%82%84%E3%81%A3%E3%81%B1%E3%81%8B%E3%82%8F%E3%81%84%E3%81%84-%E3%83%A6%E3%83%B3%E3%82%BD%E3%83%8A48%E6%AD%B3-12%E5%B9%B4%E3%81%B6%E3%82%8A%E6%97%A5%E3%83%86%E3%83%AC%E5%BE%A9%E5%B8%B0%E3%81%8C%E6%B2%B8%E9%A8%B0-%E6%89%8B%E8%B6%8A-%E6%B8%A1%E9%83%A8-%E4%B8%8D%E7%A5%A5%E4%BA%8B%E3%82%BF%E3%83%AC%E3%83%B3%E3%83%88%E5%BE%A9%E6%B4%BB%E3%83%96%E3%83%BC%E3%83%A0%E3%81%AE%E8%83%8C%E6%99%AF/ar-AA1rZTPi,N,ユンソナ,-
不祥事での辞任からわずか1週間…元NHK理事「再雇用」されていた (2024年10月14日掲載),2024-10-14 16:00:00,https://news.livedoor.com/topics/detail/27364817/,N,元NHK理事,-
「怖すぎて震える」「アンチやりすぎ」人気韓流アイドル 不祥事復帰に激怒したファンが事務所前に大量の“葬式花”を送りつけ…異様現場に批判殺到（2024年10月15日）｜BIGLOBEニュース,2024-10-15 16:00:00,https://news.biglobe.ne.jp/entertainment/1015/joj_241015_7500166378.html,N,人気韓流アイドル,-
さんま、元ジャンポケ斉藤の騒動で発言控える理由 後輩の不祥事に気苦労も,2024-10-13 16:00:00,https://news.livedoor.com/article/detail/27359770/,N,さんま,-
「経験者にしか語れない」“相方不祥事”芸人がジャンポケの2人に送った“激励メッセージ”に称賛集まる「泣ける」,2024-10-10 16:00:00,https://news.nifty.com/article/entame/showbizd/12268-3456925/,N,-,-
フジモン、あの感動の涙は「ウソ泣き」だった！「不祥事の反省もウソか」厳しい声 |,2024-10-11 16:00:00,https://asajo.jp/excerpt/225248,N,フジモン,-
「なんかすごい研究者の緒方法親さんが不当に拘束された！神奈川県警の不祥事！」と大盛り上がりですが、どうやらそうでもないみたいですよ？,2024-10-15 16:00:00,https://togetter.com/li/2450007,N,神奈川県警,-
ブックオフ 不正疑いで特別委が調査結果 影響額は計8100万円に | NHK,2024-10-16 16:00:00,https://www3.nhk.or.jp/news/html/20241016/k10014610451000.html,Y,ブックオフ,-
シンガポールのMulai社とCaccoが、東南アジアでのEC不正対策における協業を開始 | かっこ株式会社のプレスリリース,2024-10-15 16:00:00,https://prtimes.jp/main/html/rd/p/000000151.000009799.html,Y,Mulai社とCacco,かっこ株式会社
ブックオフ、横領など不正29件 社長「管理体制に問題」,2024-10-15 16:00:00,https://www.nikkei.com/article/DGXZQOUC158GG0V11C24A0000000/,Y,ブックオフ,-
デロイト トーマツ調査、企業のコンプライアンス意識は高まるが不正発生は50％で横ばい、1社あたりの不正発生率が上昇,2024-10-09 16:00:00,https://www2.deloitte.com/jp/ja/pages/about-deloitte/articles/news-releases/nr20241009.html,Y,デロイト トーマツ,-
鉄道現場で何が起きている？ 部品の組み立て巡る不正が続々発覚 改ざん手法を引き継ぎ、疑問の声は黙殺…,2024-10-15 16:00:00,https://www.tokyo-np.co.jp/article/359351,N,-,-
ブックオフ、２６店舗で不正 現金横領、被害額５６００万円：時事ドットコム,2024-10-15 16:00:00,https://www.jiji.com/jc/article?k\u003d2024101501401\u0026g\u003deco,Y,ブックオフ,-
「不正軽油」摘発へ全国抜き打ち調査 脱税や環境汚染につながる罰則行為に【長崎】｜ニュース,2024-10-16 16:00:00,https://www.ktn.co.jp/news/detail.php?id\u003d20241016011,N,長崎,-
コンプライアンス意識向上も、不正リスクの把握・評価・対応が不十分―デロイト トーマツ「企業不正リスク調査」,2024-10-15 16:00:00,https://it.impress.co.jp/articles/-/26956,Y,デロイト トーマツ,-
なんでダメ？ 女性騎手のスマホ不正利用をカンニング竹山が超簡単解説,2024-10-14 23:59:04,https://www.joqr.co.jp/qr/article/137216/,N,女性騎手,-
ブックオフ、内部不正で営業利益6800万円減少 横領などの被害額は5600万円に “目標達成のため”不正した従業員も,2024-10-15 16:00:00,https://www.itmedia.co.jp/news/articles/2410/15/news178.html,Y,ブックオフ,-
ゆうちょ顧客155万人分の情報、かんぽ営業に流用 保険業法違反か,2024-10-11 16:00:00,https://www.asahi.com/articles/ASSBC1TW6SBCULFA008M.html,Y,ゆうちょ,-
盛岡ガス保有個人情報、流出の可能性 不正利用確認されず,2024-10-12 16:00:00,https://www.iwate-np.co.jp/article/2024/10/12/171721,N,盛岡ガス,-
日本郵便 顧客情報不正リスト化 約155万人か | NHK,2024-10-11 16:00:00,https://www3.nhk.or.jp/news/html/20241011/k10014607391000.html,Y,日本郵便,-
三菱電機､｢言ったもん負け」やめる 不正根絶へ風土変革,2024-10-16 16:00:00,https://www.nikkei.com/article/DGXZQOUC1120I0R11C24A0000000/,Y,三菱電機,三菱電機
アドフラウド対策ツールSpider AFが、GoogleのP-MAX不正検知サービスを提供開始 | 株式会社Spider Labsのプレスリリース,2024-10-10 16:00:00,https://prtimes.jp/main/html/rd/p/000000148.000031981.html,Y,Spider Labs,-
不正徴収、陸上やスケートでも 被害１億１５００万円超―日大：時事ドットコム,2024-10-11 16:00:00,https://www.jiji.com/jc/article?k\u003d2024101100817\u0026g\u003dsoc,N,日大,-
不正輸出えん罪事件 警察官が証言”決定権 持つ人の欲で立件”,2024-10-09 16:00:00,https://www3.nhk.or.jp/news/html/20241009/k10014605021000.html,N,-,-
野村証券 国債取引不正で財務省 国債入札の優遇資格を停止,2024-10-11 16:00:00,https://www3.nhk.or.jp/news/html/20241011/k10014607771000.html,Y,野村証券,-
うその書類で不正受給 施設運営のＮＰＯ法人行政処分 鹿児島,2024-10-10 16:00:00,https://www3.nhk.or.jp/lnews/kagoshima/20241010/5050028604.html,N,NPO法人,-
障害ある子どもの施設に京都市が１億円余の返還請求と行政処分,2024-10-11 16:00:00,https://www3.nhk.or.jp/lnews/kyoto/20241011/2010021133.html,N,京都市,-
416万件の個人情報に不正アクセス 業務委託元の51事業者に飛び火,2024-10-15 16:00:00,https://xtech.nikkei.com/atcl/nxt/mag/nc/18/020600011/100900165/,N,-,-
不正勧誘リストに１５５万人 日本郵便、保険営業で再発防止策,2024-10-11 16:00:00,https://www.jiji.com/jc/article?k\u003d2024101101133\u0026g\u003deco,Y,日本郵便,-
ニュース「タリーズオンラインへの不正アクセス、クレジットカード情報含む9万人超の個人情報流出か」,2024-10-16 16:00:00,https://www.corporate-legal.jp/news/5872,Y,タリーズ,-
日大 奨学生からの不正徴収 返金対象者110人で被害総額は約1億1567万円に 重量挙げ部と陸上競技部とスケート部 遅延損害金を加えて返金,2024-10-11 16:00:00,https://newsdig.tbs.co.jp/articles/-/1482411,N,日大,-
「人材開発支援助成金」1億円余りが不適切支給 会計検査院,2024-10-09 16:00:00,https://www3.nhk.or.jp/news/html/20241009/k10014604051000.html,N,会計検査院,-
【導入事例】オーイズミフーズ、ジャストプランニングの不正検知サービスで不正を大幅削減に成功！,2024-10-16 16:00:00,https://prtimes.jp/main/html/rd/p/000000026.000102928.html,Y,ジャストプランニング,-
イオンカード、不正利用の対応遅れを謝罪 「カード止めてと依頼しても止まらず、数十万円請求された」などの声,2024-10-09 16:00:00,https://www.itmedia.co.jp/news/articles/2410/09/news109.html,Y,イオンカード,-
クレカの不正利用対応で物議、なぜ対応が遅れているのか「イオンカード」発行元に聞いた,2024-10-09 16:00:00,https://www.itmedia.co.jp/news/articles/2410/10/news098.html,Y,イオンカード,-
【セキュリティ ニュース】2Qクレカ不正利用、前四半期比16％増 - 被害額が過去最多（1ページ目 / 全2ページ）,2024-10-10 16:00:00,https://www.security-next.com/162509,N,-,-
ブックオフの買取不正など16の手口、明らかに 影響額は8100万円,2024-10-16 16:00:00,https://smbiz.asahi.com/article/15378918,Y,ブックオフ,-
「イオンカード」の不正利用が急増した根本原因 なぜここまで返金対応が遅れているのか（1/2 ページ）,2024-10-10 16:00:00,https://www.itmedia.co.jp/news/articles/2410/10/news156.html,Y,イオンカード,-
群馬 “不正軽油”流通防げ トラックなど対象 全国一斉調査,2024-10-16 16:00:00,https://www3.nhk.or.jp/lnews/maebashi/20241016/1060018232.html,N,群馬,-
「買い物でカード不正利用された」キャッシュカードだまし取られ４８２万円詐欺被害 岐阜・北方署,2024-10-16 16:00:00,https://www.gifu-np.co.jp/articles/-/453781,N,-,-
カシオ計算機が不正アクセス被害、受発注や修理対応などのシステムに影響,2024-10-09 16:00:00,https://xtech.nikkei.com/atcl/nxt/news/24/01631/,Y,カシオ計算機,カシオ計算機
パリ五輪の「ズルーレット」論争で考えた、信頼できるデジタル抽選の仕組み,2024-10-10 16:00:00,https://xtech.nikkei.com/atcl/nxt/column/18/00138/100801614/,N,-,-
『サイバー攻撃よりも検知が難しい内部不正の脅威、見逃さないために必要な対策とは？』というテーマのウェビナーを開催,2024-10-15 16:00:00,https://prtimes.jp/main/html/rd/p/000002838.000054842.html,N,-,-
顧客情報不正流用 日本郵便が再発防止策,2024-10-11 16:00:00,https://news.ntv.co.jp/category/economy/d3ca5807910c40759a0eed94aec0b8e5,Y,日本郵便,-
永野猛蔵、小林勝太のスマホ不正使用の詳細判明 ＪＲＡは処分対象者がさらに増える可能性も否定せず,2024-10-09 16:00:00,https://tospo-keiba.jp/breaking_news/50241,N,-,-
米Stripeが米NVIDIAとの提携拡大、GPUの活用で不正検出などAI機能を強化,2024-10-10 16:00:00,https://xtech.nikkei.com/atcl/nft/column/051100005/101000863/,Y,Stripe,Stripe
トヨタで相次ぐ認証不正、是正命令受けて再発防止策,2024-10-10 16:00:00,https://xtech.nikkei.com/atcl/nxt/mag/at/18/00006/00718/,Y,トヨタ,トヨタ
奨学生支援団体、第三者からの不正アクセス被害 氏名や連絡先など流出か【大塚敏美育英奨学財団】,2024-10-15 16:00:00,https://act1.co.jp/2024_10_15-2/,N,大塚敏美育英奨学財団,-
チケット不正転売の女2人有罪 札幌地裁判決 「常習的で悪質」,2024-10-11 16:00:00,https://www.hokkaido-np.co.jp/article/1074348/,N,-,-
「がんの論文の内容をねつ造した」として懲戒解雇処分となった元教授の研究が研究費の不正受給にあたると認定し報告【岡山大学】 | 岡山・香川のニュース | 天気 | RSK山陽放送 (1ページ),2024-10-11 16:00:00,https://newsdig.tbs.co.jp/articles/rsk/1484051?display\u003d1,N,岡山大学,-
不正対策・サブスク・プラットフォームをキーワードに Stripeがデジタル経済の業界動向を報告,2024-10-09 16:00:00,https://paymentnavi.com/paymentnews/151437.html,Y,Stripe,Stripe
｢かっぱ寿司｣法人、二審も有罪 はま寿司の営業秘密取得,2024-10-09 16:00:00,https://www.nikkei.com/article/DGXZQOUE041X70U4A001C2000000/,Y,かっぱ寿司,-
平大臣記者会見（令和6年10月11日）,2024-10-11 16:00:00,https://www.digital.go.jp/speech/minister-241011-01,N,-,-
リスキリング助成金3割不適切 訓練先から費用「還流」,2024-10-09 16:00:00,https://www.nikkei.com/article/DGXZQOUE088GF0Y4A001C2000000/,N,-,-
千葉銀・京葉銀・千葉興銀、住宅ローン不正利用防止で協定書締結,2024-10-11 16:00:00,https://www.nikkan.co.jp/articles/view/00727446?gnr_footer\u003d0078552,Y,-,-